user_id,audio_id,score
6787a5aeb6de5685cf6da19b,6788e5c39ca7b3f2bdb0b7dd,5.0
6787a5aeb6de5685cf6da19b,67893e7913537f4d2049d54e,1.0
6787a5aeb6de5685cf6da19b,67893eaf13537f4d2049d7bb,1.0
6787a5aeb6de5685cf6da19b,67893eba13537f4d2049d845,1.0
6787a5aeb6de5685cf6da19b,67893ebc13537f4d2049d85c,1.0
6787a5aeb6de5685cf6da19b,6789860013537f4d2049dd05,1.0
6787a5aeb6de5685cf6da19b,6789860a13537f4d2049dd4a,1.0
6787a5aeb6de5685cf6da19b,6789871113537f4d2049e39a,5.0
6787a5aeb6de5685cf6da19b,6789873213537f4d2049e469,5.0
6787a5aeb6de5685cf6da19b,67898d4013537f4d2049e95e,5.0
6787a5aeb6de5685cf6da19b,67898d4813537f4d2049e98c,5.0
6787a5aeb6de5685cf6da19b,67898d5b13537f4d2049ea16,5.0
6787a5aeb6de5685cf6da19b,67898d8c13537f4d2049eb96,1.0
6787a5aeb6de5685cf6da19b,67898db613537f4d2049ed02,1.0
6787a5aeb6de5685cf6da19b,67898dd713537f4d2049ee00,5.0
6787a5aeb6de5685cf6da19b,67899f0c13537f4d2049f705,5.0
6787a5aeb6de5685cf6da19b,67899fa913537f4d2049f81d,5.0
6787a5aeb6de5685cf6da19b,678bd73213537f4d204a1bcc,1.0
6787a5aeb6de5685cf6da19b,678bd74b13537f4d204a1d53,5.0
6787a5aeb6de5685cf6da19b,678bd75213537f4d204a1dc6,1.0
6787a5aeb6de5685cf6da19b,678bd7a613537f4d204a22b7,5.0
6787a5aeb6de5685cf6da19b,678bd7ca13537f4d204a24b1,5.0
6787a5aeb6de5685cf6da19b,678bd7d013537f4d204a250d,1.0
6787a5aeb6de5685cf6da19b,678bd80213537f4d204a277a,5.0
6787a5aeb6de5685cf6da19b,678bd80f13537f4d204a2849,5.0
6787a5aeb6de5685cf6da19b,678bd81113537f4d204a2877,5.0
6787a5aeb6de5685cf6da19b,678bd83413537f4d204a2a9f,1.0
6787a5aeb6de5685cf6da19b,678bd83813537f4d204a2afb,1.0
6787a5aeb6de5685cf6da19b,678bd83f13537f4d204a2b40,1.0
6787a5aeb6de5685cf6da19b,678bd84a13537f4d204a2bf8,1.0
6787a5aeb6de5685cf6da19b,678bd8c813537f4d204a32fa,5.0
6787a5aeb6de5685cf6da19b,678bd8ee13537f4d204a34dd,1.0
6787a5aeb6de5685cf6da19b,678be18713537f4d204a582d,5.0
6787a5aeb6de5685cf6da19b,678bf59ef5489fb0e0250638,1.0
6787a5aeb6de5685cf6da19b,678bf5b5f5489fb0e02507a8,1.0
6787a5aeb6de5685cf6da19b,678bf5d3f5489fb0e025098b,5.0
6787a5aeb6de5685cf6da19b,678bf5fff5489fb0e0250c61,1.0
6787a5aeb6de5685cf6da19b,678bf602f5489fb0e0250ca6,1.0
6787a5aeb6de5685cf6da19b,678bf605f5489fb0e0250ce6,5.0
6787a5aeb6de5685cf6da19b,678bf60ff5489fb0e0250d99,1.0
6787a5aeb6de5685cf6da19b,678bf617f5489fb0e0250e23,1.0
6787a5aeb6de5685cf6da19b,678bf681f5489fb0e025164c,5.0
6787a5aeb6de5685cf6da19b,678bf689f5489fb0e0251701,1.0
6787a5aeb6de5685cf6da19b,678bf699f5489fb0e025180d,1.0
6787a5aeb6de5685cf6da19b,678bf6a5f5489fb0e02518c2,1.0
6787a5aeb6de5685cf6da19b,678bf6a7f5489fb0e02518d9,1.0
6787a5aeb6de5685cf6da19b,678bf6baf5489fb0e0251a3c,1.0
6787a5aeb6de5685cf6da19b,678bf6dbf5489fb0e0251c7b,1.0
6787a5aeb6de5685cf6da19b,678bf6e6f5489fb0e0251d1c,1.0
6787a5aeb6de5685cf6da19b,678bf6e8f5489fb0e0251d4a,1.0
6787a5aeb6de5685cf6da19b,678bf6eff5489fb0e0251dbd,5.0
6787a5aeb6de5685cf6da19b,678bf704f5489fb0e0251f5b,1.0
6787a5aeb6de5685cf6da19b,678bf711f5489fb0e025206f,1.0
6787a5aeb6de5685cf6da19b,678bf717f5489fb0e02520e2,1.0
6787a5aeb6de5685cf6da19b,678bf72af5489fb0e0252224,1.0
6787a5aeb6de5685cf6da19b,678bf770f5489fb0e025272c,5.0
6787a5aeb6de5685cf6da19b,678bf789f5489fb0e025290f,1.0
6787a5aeb6de5685cf6da19b,678bf822f5489fb0e02533c0,1.0
6787a5aeb6de5685cf6da19b,678bf824f5489fb0e02533d7,1.0
6787a5aeb6de5685cf6da19b,678bf82df5489fb0e0253478,1.0
6787a5aeb6de5685cf6da19b,678bfd7bf5489fb0e0253a27,5.0
6787a5aeb6de5685cf6da19b,678bfda9f5489fb0e0253d4c,1.0
6787a5aeb6de5685cf6da19b,678bfdd5f5489fb0e0254030,1.0
6787a5aeb6de5685cf6da19b,678bfdfaf5489fb0e02542a0,1.0
6787a5aeb6de5685cf6da19b,678bfe05f5489fb0e025435e,1.0
6787a5aeb6de5685cf6da19b,678d3f8566775883717efb96,1.0
6787a5aeb6de5685cf6da19b,678d3fd966775883717f00e3,1.0
6787a5aeb6de5685cf6da19b,678d407166775883717f0a00,1.0
6787a5aeb6de5685cf6da19b,678d407f66775883717f0ab8,1.0
6787a5aeb6de5685cf6da19b,678d409066775883717f0bb5,1.0
6787a5aeb6de5685cf6da19b,678d40bf66775883717f0e39,1.0
6787a5aeb6de5685cf6da19b,678d40dc66775883717f0fee,1.0
6787a5aeb6de5685cf6da19b,678d414966775883717f1791,1.0
6787a5aeb6de5685cf6da19b,678d415466775883717f1860,1.0
6787a5aeb6de5685cf6da19b,678d416566775883717f19a2,1.0
6787a5aeb6de5685cf6da19b,678d41a566775883717f1e3d,1.0
6787a5aeb6de5685cf6da19b,678d41b666775883717f1f51,1.0
6787a5aeb6de5685cf6da19b,678d41c466775883717f204e,1.0
6787a5aeb6de5685cf6da19b,678d41ce66775883717f20ef,1.0
6787a5aeb6de5685cf6da19b,678d41e166775883717f221a,1.0
6787a5aeb6de5685cf6da19b,678d41e866775883717f228d,1.0
6787a5aeb6de5685cf6da19b,678d41f966775883717f23a1,5.0
6787a5aeb6de5685cf6da19b,678d41fd66775883717f23e6,1.0
6787a5aeb6de5685cf6da19b,678d421d66775883717f25e0,1.0
6787a5aeb6de5685cf6da19b,678d426766775883717f2a19,1.0
6787a5aeb6de5685cf6da19b,678d427a66775883717f2b44,1.0
6787a5aeb6de5685cf6da19b,678d429166775883717f2cb4,5.0
6787a5aeb6de5685cf6da19b,678d42a366775883717f2ddf,5.0
6787a5aeb6de5685cf6da19b,678d42a966775883717f2e24,1.0
6787a5aeb6de5685cf6da19b,678d42dc66775883717f3104,1.0
6787a5aeb6de5685cf6da19b,678d42fb66775883717f32e7,1.0
6787a5aeb6de5685cf6da19b,678d42fe66775883717f3315,1.0
6787a5aeb6de5685cf6da19b,678d433066775883717f367f,1.0
6787a5aeb6de5685cf6da19b,678d435066775883717f3890,1.0
6787a5aeb6de5685cf6da19b,678d436766775883717f3a17,1.0
6787a5aeb6de5685cf6da19b,678d436c66775883717f3a5c,1.0
6787a5aeb6de5685cf6da19b,678d43a466775883717f3dc6,1.0
6787a5aeb6de5685cf6da19b,678d43a966775883717f3e0b,1.0
6787a5aeb6de5685cf6da19b,678d43d766775883717f4102,1.0
6787a5aeb6de5685cf6da19b,678d43e866775883717f4216,5.0
6787a5aeb6de5685cf6da19b,678d43ff66775883717f4386,1.0
6787a5aeb6de5685cf6da19b,678d442666775883717f4621,1.0
6787a5aeb6de5685cf6da19b,678d443666775883717f474c,1.0
6787a5aeb6de5685cf6da19b,678d445366775883717f495d,1.0
6787a5aeb6de5685cf6da19b,678d446e66775883717f4b40,1.0
6787a5aeb6de5685cf6da19b,678d447666775883717f4bb3,1.0
6787a5aeb6de5685cf6da19b,678d44b666775883717f4fec,5.0
6787a5aeb6de5685cf6da19b,678d44be66775883717f5076,1.0
6787a5aeb6de5685cf6da19b,678d44ca66775883717f5145,1.0
6787a5aeb6de5685cf6da19b,678d44f166775883717f53c9,5.0
6787a5aeb6de5685cf6da19b,678d452866775883717f574a,5.0
6787a5aeb6de5685cf6da19b,678d453666775883717f5830,1.0
6787a5aeb6de5685cf6da19b,678d453d66775883717f58ba,1.0
6787a5aeb6de5685cf6da19b,678d454666775883717f595b,1.0
6787a5aeb6de5685cf6da19b,678d455c66775883717f5ae2,1.0
6787a5aeb6de5685cf6da19b,678d456466775883717f5b6c,1.0
6787a5aeb6de5685cf6da19b,678d457166775883717f5c52,1.0
6787a5aeb6de5685cf6da19b,678d457466775883717f5c97,1.0
6787a5aeb6de5685cf6da19b,678d458366775883717f5d94,1.0
6787a5aeb6de5685cf6da19b,678d459c66775883717f5f60,1.0
6787a5aeb6de5685cf6da19b,678d45db66775883717f63c7,1.0
6787a5aeb6de5685cf6da19b,678d45e466775883717f6468,1.0
6787a5aeb6de5685cf6da19b,678d45e766775883717f64ad,1.0
6787a5aeb6de5685cf6da19b,678d45e966775883717f64c4,1.0
6787a5aeb6de5685cf6da19b,678d45ea66775883717f64db,1.0
6787a5aeb6de5685cf6da19b,678dcdcc66775883717f6e46,1.0
6787a5aeb6de5685cf6da19b,678dd7bf66775883717f8f14,1.0
6787a5aeb6de5685cf6da19b,678dd7c766775883717f8f2b,1.0
6787a5aeb6de5685cf6da19b,678dd7cd66775883717f8f42,1.0
6787a5aeb6de5685cf6da19b,678dd7d266775883717f8f59,1.0
6787a5aeb6de5685cf6da19b,678e15c2f39856f15234fbc2,1.0
6787a5aeb6de5685cf6da19b,678e15f2f39856f15234fe18,1.0
6787a5aeb6de5685cf6da19b,678e1603f39856f15234fecd,1.0
6787a5aeb6de5685cf6da19b,678e1607f39856f15234ff05,1.0
6787a5aeb6de5685cf6da19b,678e1610f39856f15234ff6a,1.0
6787a5aeb6de5685cf6da19b,678e1614f39856f15234ff98,1.0
6787a5aeb6de5685cf6da19b,678e1648f39856f152350233,1.0
6787a5aeb6de5685cf6da19b,678e1663f39856f152350302,1.0
6787a5aeb6de5685cf6da19b,678e166ff39856f15235038c,1.0
6787a5aeb6de5685cf6da19b,678e169df39856f1523505cb,1.0
6787a5aeb6de5685cf6da19b,678e16a1f39856f1523505f9,1.0
6787a5aeb6de5685cf6da19b,678e16c6f39856f1523507e1,1.0
6787a5aeb6de5685cf6da19b,678e16daf39856f152350899,1.0
6787a5aeb6de5685cf6da19b,678e1712f39856f152350b84,1.0
6787a5aeb6de5685cf6da19b,678e172cf39856f152350c98,1.0
6787a5aeb6de5685cf6da19b,678e1757f39856f152350ec0,1.0
6787a5aeb6de5685cf6da19b,678e17a6f39856f1523512cb,1.0
6787a5aeb6de5685cf6da19b,678e17b3f39856f152351383,1.0
6787a5aeb6de5685cf6da19b,678e17c2f39856f15235143b,1.0
6787a5aeb6de5685cf6da19b,678e17c4f39856f152351452,1.0
6787a5aeb6de5685cf6da19b,678e17d1f39856f1523514f3,1.0
6787a5aeb6de5685cf6da19b,678e17f2f39856f152351695,1.0
6787a5aeb6de5685cf6da19b,678e17f6f39856f1523516c9,1.0
6787a5aeb6de5685cf6da19b,678e1820f39856f1523518b1,1.0
6787a5aeb6de5685cf6da19b,678e182af39856f15235193b,1.0
6787a5aeb6de5685cf6da19b,678e187ef39856f152351d74,5.0
6787a5aeb6de5685cf6da19b,678e18a7f39856f152351fdd,1.0
6787a5aeb6de5685cf6da19b,678e18d2f39856f1523521f3,1.0
6787a5aeb6de5685cf6da19b,678e18e7f39856f152352307,1.0
6787a5aeb6de5685cf6da19b,678e18f9f39856f152352404,1.0
6787a5aeb6de5685cf6da19b,678e190bf39856f152352501,1.0
6787a5aeb6de5685cf6da19b,678e1929f39856f15235265a,1.0
6787a5aeb6de5685cf6da19b,678e19acf39856f152352d33,1.0
6787a5aeb6de5685cf6da19b,678e19bdf39856f152352e3e,1.0
6787a5aeb6de5685cf6da19b,678e19d1f39856f152352f69,1.0
6787a5aeb6de5685cf6da19b,678e19dff39856f152353038,1.0
6787a5aeb6de5685cf6da19b,678e19f8f39856f152353191,1.0
6787a5aeb6de5685cf6da19b,678e19fef39856f1523531d6,1.0
6787a5aeb6de5685cf6da19b,678e1a3cf39856f152353598,5.0
6787a5aeb6de5685cf6da19b,678e1c48f39856f152353942,5.0
6787a5aeb6de5685cf6da19b,678e1c63f39856f152353ab2,1.0
6787a5aeb6de5685cf6da19b,678e1c72f39856f152353b81,5.0
6787a5aeb6de5685cf6da19b,678e1c7df39856f152353c22,1.0
6787a5aeb6de5685cf6da19b,678e1c91f39856f152353d1f,1.0
6787a5aeb6de5685cf6da19b,678e1cb8f39856f152353f47,1.0
6787a5aeb6de5685cf6da19b,678e1cc4f39856f152353fff,1.0
6787a5aeb6de5685cf6da19b,678e1cc5f39856f152354016,1.0
6787a5aeb6de5685cf6da19b,678e1ccff39856f1523540a0,1.0
6787a5aeb6de5685cf6da19b,678e1ce1f39856f1523541cb,1.0
6787a5aeb6de5685cf6da19b,678e1cf9f39856f15235433b,1.0
6787a5aeb6de5685cf6da19b,678e1d0cf39856f152354466,1.0
6787a5aeb6de5685cf6da19b,678e1d33f39856f152354705,1.0
6787a5aeb6de5685cf6da19b,678e1d39f39856f152354782,1.0
6787a5aeb6de5685cf6da19b,678e1d49f39856f15235480c,1.0
6787a5aeb6de5685cf6da19b,678e1d4cf39856f15235483a,1.0
6787a5aeb6de5685cf6da19b,678e1d51f39856f15235487f,1.0
6787a5aeb6de5685cf6da19b,678e1d52f39856f152354896,1.0
6787a5aeb6de5685cf6da19b,678e1d7ef39856f152354b48,1.0
6787a5aeb6de5685cf6da19b,678e1d9ff39856f152354d20,1.0
6787a5aeb6de5685cf6da19b,678e1db4f39856f152354e91,1.0
6787a5aeb6de5685cf6da19b,678e1db8f39856f152354ee0,1.0
6787a5aeb6de5685cf6da19b,678e1dcef39856f152355030,1.0
6787a5aeb6de5685cf6da19b,678e1ddbf39856f152355116,1.0
6787a5aeb6de5685cf6da19b,678e1de7f39856f1523551ce,1.0
6787a5aeb6de5685cf6da19b,678e1e00f39856f152355355,1.0
6787a5aeb6de5685cf6da19b,678e1e3bf39856f15235567a,1.0
6787a5aeb6de5685cf6da19b,678e1e46f39856f152355704,1.0
6787a5aeb6de5685cf6da19b,678e1e7ff39856f1523559e4,1.0
6787a5aeb6de5685cf6da19b,678e1ec9f39856f152355df9,1.0
6787a5aeb6de5685cf6da19b,678e1ecef39856f152355e3e,1.0
6787a5aeb6de5685cf6da19b,678e1ed3f39856f152355e83,1.0
6787a5aeb6de5685cf6da19b,678e1ed6f39856f152355eb6,1.0
6787a5aeb6de5685cf6da19b,678e1edbf39856f152355f00,1.0
6787a5aeb6de5685cf6da19b,678e1efaf39856f15235609a,1.0
6787a5aeb6de5685cf6da19b,678e1f12f39856f1523561ca,1.0
6787a5aeb6de5685cf6da19b,678e1f86f39856f1523567e6,1.0
6787a5aeb6de5685cf6da19b,678e1f9af39856f152356911,1.0
6787a5aeb6de5685cf6da19b,678e1fe1f39856f152356cee,1.0
6787a5aeb6de5685cf6da19b,678e1ff3f39856f152356deb,1.0
6787a5aeb6de5685cf6da19b,678e1ffef39856f152356ea6,1.0
6787a5aeb6de5685cf6da19b,678e2000f39856f152356ebd,1.0
6787a5aeb6de5685cf6da19b,678e2020f39856f15235709d,1.0
6787a5aeb6de5685cf6da19b,678e2034f39856f1523571c4,1.0
6787a5aeb6de5685cf6da19b,678e2041f39856f152357281,1.0
6787a5aeb6de5685cf6da19b,678e206af39856f152357497,1.0
6787a5aeb6de5685cf6da19b,678e2092f39856f152357691,1.0
6787a5aeb6de5685cf6da19b,678e20b7f39856f152357879,1.0
6787a5aeb6de5685cf6da19b,678e20b8f39856f152357890,1.0
6787a5aeb6de5685cf6da19b,678e20d2f39856f1523579d6,1.0
6787a5aeb6de5685cf6da19b,678e20dcf39856f152357a69,1.0
6787a5aeb6de5685cf6da19b,678e20e7f39856f152357b14,5.0
6787a5aeb6de5685cf6da19b,678e2100f39856f152357c8d,1.0
6787a5aeb6de5685cf6da19b,678e2107f39856f152357ce9,1.0
6787a5aeb6de5685cf6da19b,678e211bf39856f152357e0b,1.0
6787a5aeb6de5685cf6da19b,678e213df39856f152357fe5,1.0
6787a5aeb6de5685cf6da19b,678e2149f39856f152358086,1.0
6787a5aeb6de5685cf6da19b,678e214af39856f15235809d,1.0
6787a5aeb6de5685cf6da19b,678e2159f39856f152358155,1.0
6787a5aeb6de5685cf6da19b,678e2161f39856f1523581c8,1.0
6787a5aeb6de5685cf6da19b,678e2165f39856f1523581f6,1.0
6787a5aeb6de5685cf6da19b,678e216af39856f15235823b,1.0
6787a5aeb6de5685cf6da19b,678e217af39856f152358334,1.0
6787a5aeb6de5685cf6da19b,678e21a0f39856f152358545,1.0
6787a5aeb6de5685cf6da19b,678e220ff39856f152358b2b,1.0
6787a5aeb6de5685cf6da19b,678e2211f39856f152358b46,1.0
6787a5aeb6de5685cf6da19b,678e2212f39856f152358b5d,1.0
6787a5aeb6de5685cf6da19b,678e2214f39856f152358b74,1.0
6787a5aeb6de5685cf6da19b,678e2216f39856f152358b8b,1.0
6787a5aeb6de5685cf6da19b,678e2217f39856f152358ba2,1.0
6787a5aeb6de5685cf6da19b,678e2219f39856f152358bb9,1.0
6787a5aeb6de5685cf6da19b,678e221af39856f152358bd0,1.0
6787a5aeb6de5685cf6da19b,678e221cf39856f152358be7,1.0
6787a5aeb6de5685cf6da19b,678e221df39856f152358bfe,1.0
6787a5aeb6de5685cf6da19b,678e3203f39856f15235993a,1.0
6787a5aeb6de5685cf6da19b,678e320bf39856f1523599ad,1.0
6787a5aeb6de5685cf6da19b,678e3212f39856f152359a09,5.0
6787a5aeb6de5685cf6da19b,678e321bf39856f152359a93,1.0
6787a5aeb6de5685cf6da19b,678e3282f39856f15235a0f4,1.0
6787a5aeb6de5685cf6da19b,678e3286f39856f15235a122,1.0
6787a5aeb6de5685cf6da19b,678e32d6f39856f15235a63b,1.0
6787a5aeb6de5685cf6da19b,678e32ecf39856f15235a794,1.0
6787a5aeb6de5685cf6da19b,678e3306f39856f15235a904,1.0
6787a5aeb6de5685cf6da19b,678e332af39856f15235ab15,1.0
6787a5aeb6de5685cf6da19b,678e33aaf39856f15235b2a1,1.0
6787a5aeb6de5685cf6da19b,678e33bcf39856f15235b39e,5.0
6787a5aeb6de5685cf6da19b,678e33c4f39856f15235b411,1.0
6787a5aeb6de5685cf6da19b,678e407fa8ae2c5d02101a0a,1.0
6787a5aeb6de5685cf6da19b,678e408ba8ae2c5d02101ac2,1.0
6787a5aeb6de5685cf6da19b,678e408da8ae2c5d02101ad9,1.0
6787a5aeb6de5685cf6da19b,678e408ea8ae2c5d02101af0,1.0
6787a5aeb6de5685cf6da19b,679443e5e65df45dd6051073,1.0
6787a5aeb6de5685cf6da19b,67944426e65df45dd6051211,1.0
6787a5aeb6de5685cf6da19b,67953c5e05e5f89c45979bb9,1.0
6787a5aeb6de5685cf6da19b,67953c8305e5f89c45979db4,1.0
6787a5aeb6de5685cf6da19b,67953d6405e5f89c4597a654,1.0
6787a5aeb6de5685cf6da19b,67953d9905e5f89c4597a87c,5.0
6787a5aeb6de5685cf6da19b,67953dc905e5f89c4597aaa4,1.0
6787a5aeb6de5685cf6da19b,67953e2005e5f89c4597ae53,1.0
6787a5aeb6de5685cf6da19b,67953e4405e5f89c4597afac,1.0
6787a5aeb6de5685cf6da19b,67953e4d05e5f89c4597b008,1.0
6787a5aeb6de5685cf6da19b,67953ec805e5f89c4597b4cb,1.0
6787a5aeb6de5685cf6da19b,6795452905e5f89c4597c0c7,1.0
6787a5aeb6de5685cf6da19b,67961e0d12bc2f4623187f3b,1.0
6787a5aeb6de5685cf6da19b,6796201912bc2f4623188757,1.0
6787a5aeb6de5685cf6da19b,67962a1512bc2f462318b2a0,1.0
6787a5aeb6de5685cf6da19b,6796361812bc2f462318bec1,5.0
6787a5aeb6de5685cf6da19b,679648d012bc2f462318d15a,1.0
6787a5aeb6de5685cf6da19b,679648d312bc2f462318d171,1.0
6787a5aeb6de5685cf6da19b,679648d512bc2f462318d188,1.0
6787a5aeb6de5685cf6da19b,679685a112bc2f462318e593,1.0
6787a5aeb6de5685cf6da19b,679685ac12bc2f462318e5c2,1.0
6787a5aeb6de5685cf6da19b,679685b412bc2f462318e5e7,1.0
6787a5aeb6de5685cf6da19b,679685b912bc2f462318e5fe,1.0
6787a5aeb6de5685cf6da19b,67968a2812bc2f462318f094,1.0
6787a5aeb6de5685cf6da19b,67968b1512bc2f462318f481,1.0
6787a5aeb6de5685cf6da19b,67968b1a12bc2f462318f498,1.0
6787a5aeb6de5685cf6da19b,67968b2012bc2f462318f4af,1.0
6787a5aeb6de5685cf6da19b,67980f05d05e75fa7b2f672f,5.0
6787a5aeb6de5685cf6da19b,67980f95d05e75fa7b2f678f,5.0
6787a5aeb6de5685cf6da19b,67981046d05e75fa7b2f6830,5.0
6787a5aeb6de5685cf6da19b,679cffc705a1d9b38bbdc956,5.0
678e867b9fe1d22e8f6a44f2,67893e7913537f4d2049d54e,1.0
678e867b9fe1d22e8f6a44f2,67898dd113537f4d2049edd2,5.0
678e867b9fe1d22e8f6a44f2,678bd73413537f4d204a1be3,5.0
678e867b9fe1d22e8f6a44f2,678bd75713537f4d204a1e0b,1.0
678e867b9fe1d22e8f6a44f2,678bd8db13537f4d204a340e,1.0
678e867b9fe1d22e8f6a44f2,678bf61af5489fb0e0250e51,1.0
678e867b9fe1d22e8f6a44f2,678bf647f5489fb0e02511d8,1.0
678e867b9fe1d22e8f6a44f2,678bf694f5489fb0e02517d9,1.0
678e867b9fe1d22e8f6a44f2,678bf6a5f5489fb0e02518c2,1.0
678e867b9fe1d22e8f6a44f2,678bf6daf5489fb0e0251c64,1.0
678e867b9fe1d22e8f6a44f2,678bf726f5489fb0e02521df,1.0
678e867b9fe1d22e8f6a44f2,678bf76cf5489fb0e02526e7,5.0
678e867b9fe1d22e8f6a44f2,678bf7ecf5489fb0e0253028,5.0
678e867b9fe1d22e8f6a44f2,678bf81cf5489fb0e0253364,5.0
678e867b9fe1d22e8f6a44f2,678bf825f5489fb0e02533ee,1.0
678e867b9fe1d22e8f6a44f2,678bf82ef5489fb0e025348f,5.0
678e867b9fe1d22e8f6a44f2,678bfdbcf5489fb0e0253ea9,1.0
678e867b9fe1d22e8f6a44f2,678d3fe666775883717f01b2,1.0
678e867b9fe1d22e8f6a44f2,678d406866775883717f0976,1.0
678e867b9fe1d22e8f6a44f2,678d407766775883717f0a45,5.0
678e867b9fe1d22e8f6a44f2,678d40c166775883717f0e50,1.0
678e867b9fe1d22e8f6a44f2,678d40db66775883717f0fd7,1.0
678e867b9fe1d22e8f6a44f2,678d410766775883717f12ce,1.0
678e867b9fe1d22e8f6a44f2,678d417f66775883717f1b85,1.0
678e867b9fe1d22e8f6a44f2,678d41d066775883717f2106,1.0
678e867b9fe1d22e8f6a44f2,678d436166775883717f39a4,1.0
678e867b9fe1d22e8f6a44f2,678d438366775883717f3bb5,1.0
678e867b9fe1d22e8f6a44f2,678d43c266775883717f3f92,1.0
678e867b9fe1d22e8f6a44f2,678d43e866775883717f4216,5.0
678e867b9fe1d22e8f6a44f2,678d44c366775883717f50d2,1.0
678e867b9fe1d22e8f6a44f2,678dd7bb66775883717f8efd,1.0
678e867b9fe1d22e8f6a44f2,678e1640f39856f1523501d7,1.0
678e867b9fe1d22e8f6a44f2,678e1713f39856f152350b9b,1.0
678e867b9fe1d22e8f6a44f2,678e179df39856f152351258,1.0
678e867b9fe1d22e8f6a44f2,678e17f0f39856f15235167a,5.0
678e867b9fe1d22e8f6a44f2,678e180cf39856f1523517e2,1.0
678e867b9fe1d22e8f6a44f2,678e19c0f39856f152352e6c,5.0
678e867b9fe1d22e8f6a44f2,678e1cacf39856f152353ea6,1.0
678e867b9fe1d22e8f6a44f2,678e1caef39856f152353ebd,1.0
678e867b9fe1d22e8f6a44f2,678e1caff39856f152353ed4,1.0
678e867b9fe1d22e8f6a44f2,678e1cc0f39856f152353fd1,1.0
678e867b9fe1d22e8f6a44f2,678e1cd0f39856f1523540ce,1.0
678e867b9fe1d22e8f6a44f2,678e1d02f39856f1523543c5,1.0
678e867b9fe1d22e8f6a44f2,678e1d18f39856f152354535,1.0
678e867b9fe1d22e8f6a44f2,678e1d2ff39856f1523546cd,1.0
678e867b9fe1d22e8f6a44f2,678e1d51f39856f15235487f,5.0
678e867b9fe1d22e8f6a44f2,678e1dcdf39856f152355019,5.0
678e867b9fe1d22e8f6a44f2,678e1e79f39856f15235599f,1.0
678e867b9fe1d22e8f6a44f2,678e1f28f39856f15235630c,1.0
678e867b9fe1d22e8f6a44f2,678e1f3df39856f15235644e,1.0
678e867b9fe1d22e8f6a44f2,678e1f43f39856f1523564aa,1.0
678e867b9fe1d22e8f6a44f2,678e1f49f39856f152356506,1.0
678e867b9fe1d22e8f6a44f2,678e200ff39856f152356f78,1.0
678e867b9fe1d22e8f6a44f2,678e2077f39856f15235754f,1.0
678e867b9fe1d22e8f6a44f2,678e219ef39856f15235852e,1.0
678e867b9fe1d22e8f6a44f2,678e21e3f39856f1523588cf,1.0
678e867b9fe1d22e8f6a44f2,678e220af39856f152358ae0,1.0
678e867b9fe1d22e8f6a44f2,678e320df39856f1523599c4,5.0
678e867b9fe1d22e8f6a44f2,678e3274f39856f15235a00e,1.0
678e867b9fe1d22e8f6a44f2,678e3298f39856f15235a236,1.0
678e867b9fe1d22e8f6a44f2,678e32b9f39856f15235a430,1.0
678e867b9fe1d22e8f6a44f2,678e32f6f39856f15235a81e,1.0
678e867b9fe1d22e8f6a44f2,678e3332f39856f15235ab88,1.0
678e867b9fe1d22e8f6a44f2,678e408aa8ae2c5d02101aab,1.0
678e867b9fe1d22e8f6a44f2,6793dd75e65df45dd6050562,1.0
678e867b9fe1d22e8f6a44f2,6793dd77e65df45dd6050579,1.0
678e867b9fe1d22e8f6a44f2,6793dd7fe65df45dd60505b7,1.0
678e867b9fe1d22e8f6a44f2,67953e1805e5f89c4597adf7,1.0
678f77499fe1d22e8f6a5179,67898d5213537f4d2049e9d1,1.0
67909870e65df45dd604beda,67893e8913537f4d2049d64b,1.0
67909870e65df45dd604beda,67893e9413537f4d2049d6a7,1.0
67909870e65df45dd604beda,67893e9613537f4d2049d6be,1.0
67909870e65df45dd604beda,678985be13537f4d2049db50,1.0
67909870e65df45dd604beda,678985ec13537f4d2049dc7b,1.0
67909870e65df45dd604beda,6789865c13537f4d2049df44,1.0
67909870e65df45dd604beda,678986ac13537f4d2049e0e2,1.0
67909870e65df45dd604beda,6789870413537f4d2049e33e,5.0
67909870e65df45dd604beda,6789871813537f4d2049e3c8,1.0
67909870e65df45dd604beda,678991bc13537f4d2049f036,1.0
67909870e65df45dd604beda,6789a46413537f4d2049f989,1.0
67909870e65df45dd604beda,6789a49313537f4d2049fa58,5.0
67909870e65df45dd604beda,6789a4eb13537f4d2049fbdf,1.0
67909870e65df45dd604beda,6789a4f113537f4d2049fbf6,1.0
67909870e65df45dd604beda,678a51c813537f4d204a0870,1.0
67909870e65df45dd604beda,678bd6de13537f4d204a1793,1.0
67909870e65df45dd604beda,678bd70913537f4d204a19d2,1.0
67909870e65df45dd604beda,678bd76913537f4d204a1ec3,1.0
67909870e65df45dd604beda,678bd76a13537f4d204a1eda,1.0
67909870e65df45dd604beda,678bd79013537f4d204a2147,1.0
67909870e65df45dd604beda,678bd7da13537f4d204a2569,1.0
67909870e65df45dd604beda,678bd81913537f4d204a28ea,1.0
67909870e65df45dd604beda,678bd81f13537f4d204a2946,1.0
67909870e65df45dd604beda,678bd82c13537f4d204a2a15,1.0
67909870e65df45dd604beda,678bd83213537f4d204a2a88,1.0
67909870e65df45dd604beda,678bd83813537f4d204a2afb,1.0
67909870e65df45dd604beda,678bd84813537f4d204a2bca,1.0
67909870e65df45dd604beda,678bd84e13537f4d204a2c3d,1.0
67909870e65df45dd604beda,678bd85013537f4d204a2c54,1.0
67909870e65df45dd604beda,678bd85313537f4d204a2c82,1.0
67909870e65df45dd604beda,678bd88b13537f4d204a2f79,1.0
67909870e65df45dd604beda,678bd89713537f4d204a3031,1.0
67909870e65df45dd604beda,678bd8c413537f4d204a32b5,1.0
67909870e65df45dd604beda,678bd8cf13537f4d204a336d,1.0
67909870e65df45dd604beda,678bd8ee13537f4d204a34dd,1.0
67909870e65df45dd604beda,678bf5c9f5489fb0e02508ea,1.0
67909870e65df45dd604beda,678bf642f5489fb0e025116e,1.0
67909870e65df45dd604beda,678bf68cf5489fb0e0251746,1.0
67909870e65df45dd604beda,678bf69cf5489fb0e025182e,1.0
67909870e65df45dd604beda,678bf6a4f5489fb0e02518ab,1.0
67909870e65df45dd604beda,678bf6b4f5489fb0e02519c4,1.0
67909870e65df45dd604beda,678bf6cdf5489fb0e0251b7e,5.0
67909870e65df45dd604beda,678bf6f8f5489fb0e0251e75,1.0
67909870e65df45dd604beda,678bf6f9f5489fb0e0251e8c,1.0
67909870e65df45dd604beda,678bf70ff5489fb0e0252041,1.0
67909870e65df45dd604beda,678bf766f5489fb0e0252674,1.0
67909870e65df45dd604beda,678bf776f5489fb0e0252788,1.0
67909870e65df45dd604beda,678bf78cf5489fb0e0252954,1.0
67909870e65df45dd604beda,678bf790f5489fb0e0252999,1.0
67909870e65df45dd604beda,678bf7b1f5489fb0e0252c06,1.0
67909870e65df45dd604beda,678bf7b2f5489fb0e0252c1d,1.0
67909870e65df45dd604beda,678bf7caf5489fb0e0252dd2,1.0
67909870e65df45dd604beda,678bf7def5489fb0e0252f2b,1.0
67909870e65df45dd604beda,678bf818f5489fb0e025331f,1.0
67909870e65df45dd604beda,678bf821f5489fb0e02533a9,1.0
67909870e65df45dd604beda,678bf82ef5489fb0e025348f,1.0
67909870e65df45dd604beda,678bfd82f5489fb0e0253ab1,1.0
67909870e65df45dd604beda,678bfdc7f5489fb0e0253f4a,1.0
67909870e65df45dd604beda,678bfddbf5489fb0e025408c,5.0
67909870e65df45dd604beda,678bfde6f5489fb0e0254144,1.0
67909870e65df45dd604beda,678bfdf4f5489fb0e025422d,1.0
67909870e65df45dd604beda,678d3f4066775883717ef7a2,1.0
67909870e65df45dd604beda,678d3f4466775883717ef7e7,1.0
67909870e65df45dd604beda,678d3fc866775883717effb8,1.0
67909870e65df45dd604beda,678d3fe966775883717f01e0,1.0
67909870e65df45dd604beda,678d3fef66775883717f023c,1.0
67909870e65df45dd604beda,678d400466775883717f0395,1.0
67909870e65df45dd604beda,678d400666775883717f03ac,1.0
67909870e65df45dd604beda,678d400e66775883717f0436,1.0
67909870e65df45dd604beda,678d402c66775883717f0623,1.0
67909870e65df45dd604beda,678d404766775883717f07aa,1.0
67909870e65df45dd604beda,678d406c66775883717f09bb,1.0
67909870e65df45dd604beda,678d407066775883717f09e9,1.0
67909870e65df45dd604beda,678d407166775883717f0a00,1.0
67909870e65df45dd604beda,678d407d66775883717f0aa1,1.0
67909870e65df45dd604beda,678d408266775883717f0ae6,1.0
67909870e65df45dd604beda,678d408766775883717f0b2b,1.0
67909870e65df45dd604beda,678d408a66775883717f0b59,1.0
67909870e65df45dd604beda,678d40a566775883717f0cf7,1.0
67909870e65df45dd604beda,678d40a766775883717f0d0e,1.0
67909870e65df45dd604beda,678d40b666775883717f0dc6,1.0
67909870e65df45dd604beda,678d40c166775883717f0e50,1.0
67909870e65df45dd604beda,678d40d166775883717f0f36,1.0
67909870e65df45dd604beda,678d40d266775883717f0f4d,1.0
67909870e65df45dd604beda,678d40d866775883717f0fa9,1.0
67909870e65df45dd604beda,678d40f066775883717f1130,1.0
67909870e65df45dd604beda,678d40f266775883717f115e,1.0
67909870e65df45dd604beda,678d411f66775883717f149a,1.0
67909870e65df45dd604beda,678d412466775883717f14df,1.0
67909870e65df45dd604beda,678d412c66775883717f1569,1.0
67909870e65df45dd604beda,678d414466775883717f1735,1.0
67909870e65df45dd604beda,678d415d66775883717f1901,1.0
67909870e65df45dd604beda,678d416e66775883717f1a43,1.0
67909870e65df45dd604beda,678d416f66775883717f1a5a,1.0
67909870e65df45dd604beda,678d418166775883717f1bb3,1.0
67909870e65df45dd604beda,678d418e66775883717f1c99,1.0
67909870e65df45dd604beda,678d41d966775883717f21a7,1.0
67909870e65df45dd604beda,678d41db66775883717f21be,1.0
67909870e65df45dd604beda,678d424566775883717f2836,1.0
67909870e65df45dd604beda,678d425866775883717f294a,1.0
67909870e65df45dd604beda,678d427a66775883717f2b44,1.0
67909870e65df45dd604beda,678d428566775883717f2bfc,1.0
67909870e65df45dd604beda,678d429966775883717f2d3e,1.0
67909870e65df45dd604beda,678d429c66775883717f2d6c,1.0
67909870e65df45dd604beda,678d42c166775883717f2f7d,1.0
67909870e65df45dd604beda,678d42ed66775883717f3201,1.0
67909870e65df45dd604beda,678d430366775883717f3371,1.0
67909870e65df45dd604beda,678d431066775883717f3457,1.0
67909870e65df45dd604beda,678d431666775883717f34ca,1.0
67909870e65df45dd604beda,678d432866775883717f35f5,1.0
67909870e65df45dd604beda,678d432966775883717f360c,1.0
67909870e65df45dd604beda,678d433e66775883717f3765,1.0
67909870e65df45dd604beda,678d434266775883717f37aa,1.0
67909870e65df45dd604beda,678d435466775883717f38d5,1.0
67909870e65df45dd604beda,678d436266775883717f39bb,1.0
67909870e65df45dd604beda,678d436966775883717f3a2e,1.0
67909870e65df45dd604beda,678d439566775883717f3cc9,1.0
67909870e65df45dd604beda,678d439966775883717f3d0e,1.0
67909870e65df45dd604beda,678d43b966775883717f3ef1,1.0
67909870e65df45dd604beda,678d43bc66775883717f3f1f,1.0
67909870e65df45dd604beda,678d43cc66775883717f404a,1.0
67909870e65df45dd604beda,678d43d766775883717f4102,1.0
67909870e65df45dd604beda,678d43f366775883717f42b7,1.0
67909870e65df45dd604beda,678d43f466775883717f42ce,1.0
67909870e65df45dd604beda,678d43f566775883717f42e5,1.0
67909870e65df45dd604beda,678d440666775883717f43f9,1.0
67909870e65df45dd604beda,678d445066775883717f492f,1.0
67909870e65df45dd604beda,678d449266775883717f4d96,1.0
67909870e65df45dd604beda,678d44cb66775883717f515c,1.0
67909870e65df45dd604beda,678d44fa66775883717f5453,1.0
67909870e65df45dd604beda,678d450766775883717f5539,1.0
67909870e65df45dd604beda,678d451166775883717f55da,1.0
67909870e65df45dd604beda,678d452c66775883717f578f,1.0
67909870e65df45dd604beda,678d453d66775883717f58ba,1.0
67909870e65df45dd604beda,678d455766775883717f5a86,1.0
67909870e65df45dd604beda,678d456166775883717f5b3e,1.0
67909870e65df45dd604beda,678d456666775883717f5b83,1.0
67909870e65df45dd604beda,678d457866775883717f5cdc,1.0
67909870e65df45dd604beda,678d459866775883717f5f1b,1.0
67909870e65df45dd604beda,678d459d66775883717f5f77,1.0
67909870e65df45dd604beda,678d45ab66775883717f605d,1.0
67909870e65df45dd604beda,678d45af66775883717f60a2,1.0
67909870e65df45dd604beda,678d45bb66775883717f6171,1.0
67909870e65df45dd604beda,678d45c566775883717f6229,1.0
67909870e65df45dd604beda,678d45cd66775883717f62ca,5.0
67909870e65df45dd604beda,678d45d066775883717f62f8,1.0
67909870e65df45dd604beda,678d45d566775883717f6354,1.0
67909870e65df45dd604beda,678d45ea66775883717f64db,5.0
67909870e65df45dd604beda,678dcde266775883717f6ea2,5.0
67909870e65df45dd604beda,678dd50a66775883717f85fd,1.0
67909870e65df45dd604beda,678dd5bb66775883717f88f4,1.0
67909870e65df45dd604beda,678dd70c66775883717f8cf6,1.0
67909870e65df45dd604beda,678dd70f66775883717f8d0d,1.0
67909870e65df45dd604beda,678e15c7f39856f15234fc07,1.0
67909870e65df45dd604beda,678e162af39856f1523500c3,1.0
67909870e65df45dd604beda,678e1631f39856f15235011f,1.0
67909870e65df45dd604beda,678e16b8f39856f15235073c,1.0
67909870e65df45dd604beda,678e16ddf39856f1523508b0,1.0
67909870e65df45dd604beda,678e1705f39856f152350ade,1.0
67909870e65df45dd604beda,678e170bf39856f152350b3f,1.0
67909870e65df45dd604beda,678e1767f39856f152350f8f,1.0
67909870e65df45dd604beda,678e176ff39856f152351002,1.0
67909870e65df45dd604beda,678e17ccf39856f1523514c5,1.0
67909870e65df45dd604beda,678e1833f39856f1523519c5,5.0
67909870e65df45dd604beda,678e183ff39856f152351a66,1.0
67909870e65df45dd604beda,678e184ff39856f152351b35,1.0
67909870e65df45dd604beda,678e1871f39856f152351cbc,1.0
67909870e65df45dd604beda,678e1888f39856f152351e15,1.0
67909870e65df45dd604beda,678e18f4f39856f1523523bf,1.0
67909870e65df45dd604beda,678e1918f39856f1523525a2,1.0
67909870e65df45dd604beda,678e1937f39856f152352729,1.0
67909870e65df45dd604beda,678e1942f39856f15235276e,1.0
67909870e65df45dd604beda,678e1959f39856f1523528a2,1.0
67909870e65df45dd604beda,678e1960f39856f152352915,1.0
67909870e65df45dd604beda,678e1962f39856f15235292c,1.0
67909870e65df45dd604beda,678e1982f39856f152352b0b,1.0
67909870e65df45dd604beda,678e199af39856f152352c36,1.0
67909870e65df45dd604beda,678e19b6f39856f152352dd4,1.0
67909870e65df45dd604beda,678e19bff39856f152352e55,5.0
67909870e65df45dd604beda,678e1a02f39856f15235321b,1.0
67909870e65df45dd604beda,678e1a2ef39856f1523534c0,1.0
67909870e65df45dd604beda,678e1c61f39856f152353a84,1.0
67909870e65df45dd604beda,678e1c6df39856f152353b3c,1.0
67909870e65df45dd604beda,678e1c7cf39856f152353c0b,1.0
67909870e65df45dd604beda,678e1c9cf39856f152353dc0,1.0
67909870e65df45dd604beda,678e1caef39856f152353ebd,1.0
67909870e65df45dd604beda,678e1cd2f39856f1523540e5,1.0
67909870e65df45dd604beda,678e1d1cf39856f15235457a,1.0
67909870e65df45dd604beda,678e1d27f39856f152354646,1.0
67909870e65df45dd604beda,678e1d50f39856f152354868,1.0
67909870e65df45dd604beda,678e1da4f39856f152354d81,1.0
67909870e65df45dd604beda,678e1dbdf39856f152354f2e,1.0
67909870e65df45dd604beda,678e1dc3f39856f152354f8f,1.0
67909870e65df45dd604beda,678e1dcdf39856f152355019,1.0
67909870e65df45dd604beda,678e1ddbf39856f152355116,1.0
67909870e65df45dd604beda,678e1e21f39856f15235550a,1.0
67909870e65df45dd604beda,678e1e36f39856f152355635,1.0
67909870e65df45dd604beda,678e1e39f39856f152355663,1.0
67909870e65df45dd604beda,678e1e40f39856f1523556bf,1.0
67909870e65df45dd604beda,678e1e7df39856f1523559cd,1.0
67909870e65df45dd604beda,678e1e7ff39856f1523559e4,1.0
67909870e65df45dd604beda,678e1ec6f39856f152355dcb,1.0
67909870e65df45dd604beda,678e1eddf39856f152355f17,1.0
67909870e65df45dd604beda,678e1efaf39856f15235609a,1.0
67909870e65df45dd604beda,678e1f1cf39856f152356254,1.0
67909870e65df45dd604beda,678e1f3bf39856f152356437,1.0
67909870e65df45dd604beda,678e1f71f39856f1523566bb,1.0
67909870e65df45dd604beda,678e1fa4f39856f15235699b,1.0
67909870e65df45dd604beda,678e1fbdf39856f152356b0b,1.0
67909870e65df45dd604beda,678e1ff0f39856f152356dbd,1.0
67909870e65df45dd604beda,678e2019f39856f152357002,1.0
67909870e65df45dd604beda,678e2020f39856f15235709d,1.0
67909870e65df45dd604beda,678e2062f39856f152357424,1.0
67909870e65df45dd604beda,678e2063f39856f15235743b,1.0
67909870e65df45dd604beda,678e20b8f39856f152357890,1.0
67909870e65df45dd604beda,678e20cff39856f1523579a8,1.0
67909870e65df45dd604beda,678e2107f39856f152357ce9,1.0
67909870e65df45dd604beda,678e2120f39856f152357e50,1.0
67909870e65df45dd604beda,678e2136f39856f152357f85,1.0
67909870e65df45dd604beda,678e21eef39856f152358959,1.0
67909870e65df45dd604beda,678e324ff39856f152359db8,1.0
67909870e65df45dd604beda,678e3300f39856f15235a8a8,1.0
67909870e65df45dd604beda,678e331cf39856f15235aa46,1.0
67909870e65df45dd604beda,678e338df39856f15235b0ec,1.0
67909870e65df45dd604beda,678e33a5f39856f15235b25c,1.0
67909870e65df45dd604beda,6791182fe65df45dd604d965,1.0
67909870e65df45dd604beda,67911e82e65df45dd604e1a6,1.0
67909870e65df45dd604beda,67944d2be65df45dd6051aeb,1.0
67909870e65df45dd604beda,67948147e65df45dd6051e91,1.0
67909870e65df45dd604beda,67953b9805e5f89c45979273,1.0
67909870e65df45dd604beda,67953bd005e5f89c45979539,1.0
67909870e65df45dd604beda,67953ce305e5f89c4597a163,1.0
67909870e65df45dd604beda,67953daf05e5f89c4597a990,1.0
67909870e65df45dd604beda,67953e1805e5f89c4597adf7,1.0
67909870e65df45dd604beda,67961e2812bc2f4623187fc5,1.0
67909870e65df45dd604beda,679620dd12bc2f4623188a34,1.0
67909870e65df45dd604beda,6796213812bc2f4623188ba4,1.0
67909870e65df45dd604beda,6796247512bc2f4623189b7a,5.0
67909870e65df45dd604beda,679632e512bc2f462318ba34,1.0
67909870e65df45dd604beda,6796488612bc2f462318cf32,1.0
67909870e65df45dd604beda,6797e4a3d05e75fa7b2f5e07,1.0
67909870e65df45dd604beda,679cfed805a1d9b38bbdc6d2,1.0
67909870e65df45dd604beda,679cff0b05a1d9b38bbdc7a1,1.0
67909870e65df45dd604beda,679cff7305a1d9b38bbdc89e,1.0
67909870e65df45dd604beda,67b16414815a603d5ef7887f,1.0
67909870e65df45dd604beda,67b16488815a603d5ef78b63,1.0
67909870e65df45dd604beda,67b1648d815a603d5ef78b91,1.0
67909870e65df45dd604beda,67b1649e815a603d5ef78bed,1.0
67909870e65df45dd604beda,67b164a3815a603d5ef78c1b,5.0
67909870e65df45dd604beda,67b164b1815a603d5ef78c8e,1.0
67909870e65df45dd604beda,67b229a5815a603d5ef79b4e,1.0
67909870e65df45dd604beda,67b29f9b815a603d5ef7a12d,1.0
67909870e65df45dd604beda,67b29fd2815a603d5ef7a23c,1.0
67909870e65df45dd604beda,67b2a667815a603d5ef7a545,1.0
67909870e65df45dd604beda,67b2a6b0815a603d5ef7a7e0,5.0
67909870e65df45dd604beda,67b2a6dc815a603d5ef7a967,1.0
67909870e65df45dd604beda,67b2a6df815a603d5ef7a97e,1.0
67909870e65df45dd604beda,67b2a712815a603d5ef7ab33,1.0
67909870e65df45dd604beda,67b2a727815a603d5ef7abeb,5.0
67909870e65df45dd604beda,67b2a75f815a603d5ef7ada0,5.0
67909870e65df45dd604beda,67b2a76d815a603d5ef7ae2a,5.0
67909870e65df45dd604beda,67b2a7ab815a603d5ef7aff6,1.0
67909870e65df45dd604beda,67b2a7e2815a603d5ef7b1d9,1.0
67909870e65df45dd604beda,67bbe80dcd3b3e567426682d,1.0
67909870e65df45dd604beda,67bc088acd3b3e567426762d,1.0
67909870e65df45dd604beda,67bc08b9cd3b3e567426772a,1.0
67909870e65df45dd604beda,67bd4758cd3b3e5674268b52,1.0
67909870e65df45dd604beda,67bd475bcd3b3e5674268b69,1.0
67909870e65df45dd604beda,67bd47adcd3b3e5674268cf0,5.0
67909870e65df45dd604beda,67bd47d6cd3b3e5674268dbf,5.0
67909870e65df45dd604beda,67bd4841cd3b3e5674268fe7,1.0
67909870e65df45dd604beda,67bd9087cd3b3e5674269acc,1.0
67909870e65df45dd604beda,67bd9165cd3b3e5674269dc3,1.0
67909870e65df45dd604beda,67bd9600cd3b3e5674269f62,5.0
67909870e65df45dd604beda,67bd9722cd3b3e567426a3c9,5.0
67909870e65df45dd604beda,67bd978fcd3b3e567426a5da,1.0
67909870e65df45dd604beda,67bd997dcd3b3e567426aa86,1.0
67909870e65df45dd604beda,67bd9983cd3b3e567426aa9d,1.0
67909870e65df45dd604beda,67bd99d0cd3b3e567426ab9a,5.0
67909870e65df45dd604beda,67bd9a74cd3b3e567426acdc,1.0
67909870e65df45dd604beda,67bd9badcd3b3e567426b115,1.0
67909870e65df45dd604beda,67bd9c1fcd3b3e567426b1fb,1.0
67909870e65df45dd604beda,67bd9c68cd3b3e567426b2ca,5.0
67909870e65df45dd604beda,67bd9c87cd3b3e567426b30f,5.0
67909870e65df45dd604beda,67bda013cd3b3e567426b872,1.0
67909870e65df45dd604beda,67beec2253f111a48a1351a8,1.0
67909870e65df45dd604beda,67beec5653f111a48a135443,1.0
67909870e65df45dd604beda,67c5e2443830dee6d2fca489,1.0
67909870e65df45dd604beda,67c5e2543830dee6d2fca4b7,1.0
67909870e65df45dd604beda,67c5eb453830dee6d2fca9b3,1.0
67909870e65df45dd604beda,67c5eb483830dee6d2fca9e5,1.0
67909870e65df45dd604beda,67c5eb493830dee6d2fca9fc,1.0
67909870e65df45dd604beda,67c6a9d13830dee6d2fcad32,1.0
67909870e65df45dd604beda,67c6df0b3830dee6d2fcb178,1.0
67909870e65df45dd604beda,67c6df0e3830dee6d2fcb18b,1.0
67909870e65df45dd604beda,67c6df123830dee6d2fcb19e,1.0
67909870e65df45dd604beda,67ce8ffb381a17e3b85c1474,1.0
67909870e65df45dd604beda,67ce9076381a17e3b85c169c,1.0
67909870e65df45dd604beda,67ce96ad381a17e3b85c34b4,1.0
67909870e65df45dd604beda,67ce9a77381a17e3b85c49f8,1.0
67909870e65df45dd604beda,67ce9b94381a17e3b85c4f78,1.0
6792356ae65df45dd604eba7,67893e8113537f4d2049d5d8,1.0
6792356ae65df45dd604eba7,678985b413537f4d2049db0b,1.0
6792356ae65df45dd604eba7,67899f0613537f4d2049f6a9,1.0
6792356ae65df45dd604eba7,678bf782f5489fb0e025286e,1.0
6792356ae65df45dd604eba7,678bf82ef5489fb0e025348f,1.0
6792356ae65df45dd604eba7,678d403f66775883717f0737,1.0
6792356ae65df45dd604eba7,678d421a66775883717f25b2,1.0
6792356ae65df45dd604eba7,678d44e466775883717f52e3,1.0
6792356ae65df45dd604eba7,678d45ca66775883717f6285,1.0
6792356ae65df45dd604eba7,678dcecc66775883717f716b,1.0
6792356ae65df45dd604eba7,678dcf1e66775883717f72c4,1.0
6792356ae65df45dd604eba7,678dd0bf66775883717f77e3,1.0
6792356ae65df45dd604eba7,678dd50a66775883717f85fd,1.0
6792356ae65df45dd604eba7,678dd53e66775883717f86e3,1.0
6792356ae65df45dd604eba7,678dd6e566775883717f8beb,1.0
6792356ae65df45dd604eba7,678dd78366775883717f8df3,1.0
6792356ae65df45dd604eba7,678e16b0f39856f1523506d1,1.0
6792356ae65df45dd604eba7,678e3274f39856f15235a00e,5.0
6792356ae65df45dd604eba7,679443f9e65df45dd6051114,1.0
6792356ae65df45dd604eba7,67944bece65df45dd60514aa,1.0
6792356ae65df45dd604eba7,67953ca005e5f89c45979ec8,1.0
6792356ae65df45dd604eba7,6796263b12bc2f462318a32f,1.0
6792356ae65df45dd604eba7,67b1639e815a603d5ef78561,1.0
6792356ae65df45dd604eba7,67b22983815a603d5ef79a7f,1.0
6792356ae65df45dd604eba7,67b22997815a603d5ef79af2,5.0
6792356ae65df45dd604eba7,67b23245815a603d5ef79ecf,1.0
6792356ae65df45dd604eba7,67b2a712815a603d5ef7ab33,1.0
6792356ae65df45dd604eba7,67bdb984cd3b3e567426ca17,5.0
6792356ae65df45dd604eba7,67bdb9b6cd3b3e567426cbb5,1.0
67939d19e65df45dd604f9d2,678bd7b013537f4d204a2358,1.0
67939d19e65df45dd604f9d2,678bf66ff5489fb0e02514df,1.0
67939d19e65df45dd604f9d2,678bf71ef5489fb0e0252155,1.0
67939d19e65df45dd604f9d2,678bfd6ef5489fb0e0253941,1.0
67939d19e65df45dd604f9d2,678d45bf66775883717f61b6,5.0
6793b285e65df45dd604ffca,67898d3e13537f4d2049e947,1.0
6793b285e65df45dd604ffca,67898d8313537f4d2049eb2d,1.0
6793b285e65df45dd604ffca,67898d9413537f4d2049ebd6,1.0
6793b285e65df45dd604ffca,678bd70713537f4d204a19bb,1.0
6793b285e65df45dd604ffca,678bd85f13537f4d204a2d3a,1.0
6793b285e65df45dd604ffca,67944bece65df45dd60514aa,1.0
6793b285e65df45dd604ffca,67b22852815a603d5ef795c8,5.0
6793b285e65df45dd604ffca,67bdbcc4cd3b3e567426cf74,1.0
6793b285e65df45dd604ffca,67c412f43830dee6d2fc887a,1.0
6793b285e65df45dd604ffca,67c5eace3830dee6d2fca8ab,5.0
67966b9912bc2f462318d3c8,678e1663f39856f152350302,1.0
67966b9912bc2f462318d3c8,678e1f87f39856f1523567fd,1.0
67966b9912bc2f462318d3c8,678e21f1f39856f152358987,1.0
67966b9912bc2f462318d3c8,6796361c12bc2f462318bed8,1.0
6797916e041017eca3de3041,678d407a66775883717f0a73,1.0
6797916e041017eca3de3041,678d412e66775883717f1597,1.0
6797916e041017eca3de3041,678e1fb7f39856f152356aaf,1.0
679900889cd5a42618255dd2,678bd71c13537f4d204a1ab8,1.0
679900889cd5a42618255dd2,678bf68ef5489fb0e0251774,1.0
679900889cd5a42618255dd2,678d3f6166775883717ef985,1.0
679900889cd5a42618255dd2,678e2055f39856f152357363,1.0
679900889cd5a42618255dd2,678e215cf39856f152358183,1.0
679900889cd5a42618255dd2,6797e556d05e75fa7b2f6188,1.0
679b737305a1d9b38bbda765,6789874813537f4d2049e4f3,1.0
679b737305a1d9b38bbda765,678d3fda66775883717f00fa,5.0
679b737305a1d9b38bbda765,678d41c366775883717f2037,1.0
679b737305a1d9b38bbda765,678d423d66775883717f27c3,1.0
679b737305a1d9b38bbda765,678d435e66775883717f3976,1.0
679b737305a1d9b38bbda765,678d443c66775883717f47bf,1.0
679b737305a1d9b38bbda765,678d447266775883717f4b85,1.0
679b737305a1d9b38bbda765,678d449066775883717f4d7f,1.0
679b737305a1d9b38bbda765,678d450a66775883717f5567,1.0
679b737305a1d9b38bbda765,678d451566775883717f561f,1.0
679b737305a1d9b38bbda765,678d459166775883717f5e91,1.0
679b737305a1d9b38bbda765,678d459566775883717f5eed,5.0
679b737305a1d9b38bbda765,678d45b566775883717f60fe,1.0
679b737305a1d9b38bbda765,678d45c066775883717f61cd,1.0
679b737305a1d9b38bbda765,678e188ff39856f152351e71,1.0
679b737305a1d9b38bbda765,678e1dadf39856f152354e14,1.0
679b737305a1d9b38bbda765,678e1ec6f39856f152355dcb,1.0
679b737305a1d9b38bbda765,678e1f94f39856f1523568b5,1.0
679b737305a1d9b38bbda765,678e221af39856f152358bd0,1.0
679b737305a1d9b38bbda765,6796330f12bc2f462318ba90,1.0
679b737305a1d9b38bbda765,67bd4895cd3b3e567426920f,1.0
679b737305a1d9b38bbda765,67c3d8fa3830dee6d2fc831c,1.0
679b737305a1d9b38bbda765,67c5e2543830dee6d2fca4b7,1.0
679cb2e005a1d9b38bbdba5c,678bd72d13537f4d204a1b87,1.0
679ccba405a1d9b38bbdbbbd,67898dfb13537f4d2049eea1,1.0
679ccba405a1d9b38bbdbbbd,678bf5f1f5489fb0e0250b57,1.0
679ccba405a1d9b38bbdbbbd,678bf75df5489fb0e02525d3,1.0
679ccba405a1d9b38bbdbbbd,678bf7eff5489fb0e0253056,1.0
679ccba405a1d9b38bbdbbbd,678bf818f5489fb0e025331f,1.0
679ccba405a1d9b38bbdbbbd,678d401f66775883717f0565,1.0
679ccba405a1d9b38bbdbbbd,678d426a66775883717f2a47,1.0
679ccba405a1d9b38bbdbbbd,678d430266775883717f335a,1.0
679ccba405a1d9b38bbdbbbd,678d459c66775883717f5f60,1.0
679ccba405a1d9b38bbdbbbd,678e1774f39856f152351047,1.0
679ccba405a1d9b38bbdbbbd,678e1c3df39856f1523538a1,1.0
679ccba405a1d9b38bbdbbbd,678e1e02f39856f15235536c,5.0
679ccba405a1d9b38bbdbbbd,678e1e08f39856f1523553c8,1.0
679ccba405a1d9b38bbdbbbd,678e2120f39856f152357e50,1.0
679ccba405a1d9b38bbdbbbd,678e3298f39856f15235a236,5.0
679ccba405a1d9b38bbdbbbd,67911efce65df45dd604e247,5.0
679ccba405a1d9b38bbdbbbd,6795454d05e5f89c4597c1ad,1.0
679ccba405a1d9b38bbdbbbd,679634da12bc2f462318bd30,1.0
679ccba405a1d9b38bbdbbbd,679634f212bc2f462318bd4c,1.0
679ccba405a1d9b38bbdbbbd,6796360112bc2f462318be4e,5.0
679ccba405a1d9b38bbdbbbd,6796360212bc2f462318be65,1.0
679ccba405a1d9b38bbdbbbd,6796361512bc2f462318beaa,1.0
679ccba405a1d9b38bbdbbbd,679648d512bc2f462318d188,1.0
67a08714d38c66253990e34a,67911f56e65df45dd604e2d1,5.0
67a08aa1d38c66253990e6de,67893e7a13537f4d2049d565,1.0
67a08aa1d38c66253990e6de,678985e913537f4d2049dc64,1.0
67a08aa1d38c66253990e6de,678bf784f5489fb0e025289c,1.0
67a08aa1d38c66253990e6de,678d40ce66775883717f0f08,1.0
67a08aa1d38c66253990e6de,678d418666775883717f1c0f,1.0
67a08aa1d38c66253990e6de,678d41e666775883717f2276,1.0
67a08aa1d38c66253990e6de,678d43cf66775883717f4078,1.0
67a08aa1d38c66253990e6de,678d440666775883717f43f9,1.0
67a08aa1d38c66253990e6de,678d450766775883717f5539,1.0
67a08aa1d38c66253990e6de,678dd74266775883717f8d24,5.0
67a08aa1d38c66253990e6de,678e1822f39856f1523518c8,1.0
67a08aa1d38c66253990e6de,678e1fe9f39856f152356d61,1.0
67a08aa1d38c66253990e6de,6796361312bc2f462318be93,5.0
67a08aa1d38c66253990e6de,6797e917d05e75fa7b2f65e7,5.0
67a309279ad8ceb7a54b1b97,67898d6d13537f4d2049ea89,1.0
67a309279ad8ceb7a54b1b97,67898dff13537f4d2049eeb8,1.0
67b0c4d961e07e74cefc9144,67b1641d815a603d5ef788c4,1.0
67ba1f5bcd3b3e567426617b,678bd82913537f4d204a29e7,5.0
67ba1f5bcd3b3e567426617b,678bfd84f5489fb0e0253ac8,5.0
67ba1f5bcd3b3e567426617b,678bfda5f5489fb0e0253d1e,5.0
67ba1f5bcd3b3e567426617b,678bfdf1f5489fb0e02541ff,1.0
67ba1f5bcd3b3e567426617b,678d417466775883717f1ab6,1.0
67ba1f5bcd3b3e567426617b,678e1741f39856f152350dac,1.0
67ba1f5bcd3b3e567426617b,67944434e65df45dd605126d,1.0
67ba1f5bcd3b3e567426617b,67cb258152a2ce5d7e08c86f,5.0
67bd9d89cd3b3e567426b47c,678e1d31f39856f1523546e4,1.0
67bf20f453f111a48a1365fd,67bdc4cacd3b3e567426d422,5.0
67bf262453f111a48a1366cc,678bd86a13537f4d204a2ddb,1.0
67bf262453f111a48a1366cc,678d413566775883717f1621,1.0
67bf262453f111a48a1366cc,678e210df39856f152357d49,1.0
67bf270953f111a48a13671a,67898d7213537f4d2049eaa0,5.0
67bf270953f111a48a13671a,67898d8713537f4d2049eb56,5.0
67bf270953f111a48a13671a,678bf63ff5489fb0e0251132,1.0
67bf270953f111a48a13671a,678bf666f5489fb0e025143d,1.0
67bf270953f111a48a13671a,678bf6acf5489fb0e0251935,1.0
67bf270953f111a48a13671a,678bf731f5489fb0e02522ae,1.0
67bf270953f111a48a13671a,678bf73ff5489fb0e02523ab,1.0
67bf270953f111a48a13671a,678d3f5a66775883717ef912,1.0
67bf270953f111a48a13671a,678d402066775883717f057c,1.0
67bf270953f111a48a13671a,678d403266775883717f067f,1.0
67bf270953f111a48a13671a,678d405f66775883717f0903,1.0
67bf270953f111a48a13671a,678d408e66775883717f0b9e,1.0
67bf270953f111a48a13671a,678d410666775883717f12b7,1.0
67bf270953f111a48a13671a,678d41d566775883717f2162,1.0
67bf270953f111a48a13671a,678d421166775883717f2528,1.0
67bf270953f111a48a13671a,678d425e66775883717f298f,1.0
67bf270953f111a48a13671a,678d436a66775883717f3a45,1.0
67bf270953f111a48a13671a,678d439366775883717f3cb2,1.0
67bf270953f111a48a13671a,678d43c466775883717f3fa9,1.0
67bf270953f111a48a13671a,678d454366775883717f592d,1.0
67bf270953f111a48a13671a,678d45bc66775883717f6188,5.0
67bf270953f111a48a13671a,678d45c466775883717f6212,1.0
67bf270953f111a48a13671a,678e160af39856f15234ff20,1.0
67bf270953f111a48a13671a,678e1633f39856f152350136,1.0
67bf270953f111a48a13671a,678e16f6f39856f152350a0f,1.0
67bf270953f111a48a13671a,678e17bdf39856f1523513f6,1.0
67bf270953f111a48a13671a,678e181cf39856f152351883,1.0
67bf270953f111a48a13671a,678e18ccf39856f152352197,1.0
67bf270953f111a48a13671a,678e1c52f39856f1523539cc,5.0
67bf270953f111a48a13671a,678e1da4f39856f152354d81,1.0
67bf270953f111a48a13671a,678e1ec4f39856f152355db4,1.0
67bf270953f111a48a13671a,678e1f24f39856f1523562de,1.0
67bf270953f111a48a13671a,678e209cf39856f15235771b,5.0
67bf270953f111a48a13671a,678e211cf39856f152357e22,1.0
67bf270953f111a48a13671a,678e2194f39856f1523584a4,1.0
67bf270953f111a48a13671a,678e21eaf39856f15235892b,1.0
67bf270953f111a48a13671a,678e3362f39856f15235ae51,1.0
67bf270953f111a48a13671a,6796248312bc2f4623189bbf,1.0
67bf270953f111a48a13671a,6796296912bc2f462318b005,5.0
67bf270953f111a48a13671a,6796481e12bc2f462318ccae,1.0
67bf270953f111a48a13671a,6797e917d05e75fa7b2f65e7,5.0
67bf270953f111a48a13671a,67bdabdfcd3b3e567426c005,1.0
67bf270953f111a48a13671a,67bdabe3cd3b3e567426c01c,1.0
67bf270953f111a48a13671a,67bdc1a4cd3b3e567426d2d2,1.0
67bf270953f111a48a13671a,67bef57753f111a48a135a8c,1.0
67bf270953f111a48a13671a,67c5e3f33830dee6d2fca60f,1.0
67bf270953f111a48a13671a,67c5e6dd3830dee6d2fca6ed,1.0
67bf270953f111a48a13671a,67c6eff43830dee6d2fcb625,1.0
67bf270953f111a48a13671a,67cb1af552a2ce5d7e08bce6,1.0
67bf270953f111a48a13671a,67ce9892381a17e3b85c401e,1.0
67bf270953f111a48a13671a,67e535cb0145929c6afc0666,1.0
67bf270953f111a48a13671a,67e535cf0145929c6afc067a,1.0
67bf270953f111a48a13671a,67ee30e7441728eed1b5e7a6,5.0
67bf270953f111a48a13671a,67f8ac55d75434c235c0dd9c,1.0
67bf3104f500aaced732f52d,6789a4c013537f4d2049fb27,1.0
67bf3104f500aaced732f52d,678d442f66775883717f46c2,1.0
67bf3104f500aaced732f52d,678d448666775883717f4cc7,1.0
67bf3104f500aaced732f52d,678d451166775883717f55da,1.0
67bf3104f500aaced732f52d,67bbe9bccd3b3e5674266bd5,5.0
67bf3104f500aaced732f52d,67bd9122cd3b3e5674269cdd,5.0
67bf4e6072da3b87946f5a29,6796361312bc2f462318be93,1.0
67bf4e6072da3b87946f5a29,6796361512bc2f462318beaa,1.0
67bf4e6072da3b87946f5a29,6796361812bc2f462318bec1,1.0
67bf4e6072da3b87946f5a29,6796361c12bc2f462318bed8,1.0
67c06aa272da3b87946f651f,678bf75af5489fb0e025258e,1.0
67c085d972da3b87946f6764,678e1c86f39856f152353c95,1.0
67c0b37a72da3b87946f718c,678bf7daf5489fb0e0252ee6,1.0
67c0b37a72da3b87946f718c,678d41a766775883717f1e54,1.0
67c0b37a72da3b87946f718c,678d45bb66775883717f6171,1.0
67c0b37a72da3b87946f718c,678dce5566775883717f6fcd,1.0
67c0b37a72da3b87946f718c,678dcf6566775883717f741d,1.0
67c0b37a72da3b87946f718c,678dd01e66775883717f7576,1.0
67c0b37a72da3b87946f718c,678dd09d66775883717f772b,1.0
67c0b37a72da3b87946f718c,678dd41566775883717f82f0,1.0
67c0b37a72da3b87946f718c,678dd50466775883717f85e6,1.0
67c0b37a72da3b87946f718c,678e17def39856f152351594,1.0
67c0b37a72da3b87946f718c,678e1800f39856f152351758,1.0
67c0b37a72da3b87946f718c,678e1c56f39856f1523539fa,1.0
67c0b37a72da3b87946f718c,67953e1b05e5f89c4597ae25,1.0
67c0b37a72da3b87946f718c,6796283812bc2f462318ab00,1.0
67c184359e0e44affb1254ac,678bf72af5489fb0e025223b,1.0
67c184359e0e44affb1254ac,678bfdc0f5489fb0e0253ed7,1.0
67c184359e0e44affb1254ac,678e169ff39856f1523505e2,1.0
67c184359e0e44affb1254ac,678e18d2f39856f1523521f3,1.0
67c184359e0e44affb1254ac,67948505e65df45dd6052229,1.0
67c184359e0e44affb1254ac,679648ca12bc2f462318d12c,1.0
67c184359e0e44affb1254ac,67b1645f815a603d5ef78a94,1.0
67c184359e0e44affb1254ac,67b22980815a603d5ef79a68,1.0
67c184359e0e44affb1254ac,67beec7d53f111a48a135723,1.0
67c184359e0e44affb1254ac,67c1dcd53830dee6d2fc7547,1.0
67c184c49e0e44affb12575b,678bf790f5489fb0e0252999,1.0
67c184c49e0e44affb12575b,678e1757f39856f152350ec0,1.0
67c184c49e0e44affb12575b,67beec2e53f111a48a13528e,1.0
67c184c89e0e44affb125787,678bd82013537f4d204a295d,1.0
67c184c89e0e44affb125787,678bd83413537f4d204a2a9f,1.0
67c184c89e0e44affb125787,678bfd70f5489fb0e025396f,1.0
67c184c89e0e44affb125787,678bfde6f5489fb0e0254144,1.0
67c184c89e0e44affb125787,678e18a7f39856f152351fdd,1.0
67c184c89e0e44affb125787,678e3376f39856f15235af7c,1.0
67c184c89e0e44affb125787,678e3377f39856f15235af93,1.0
67c184c89e0e44affb125787,6793dd46e65df45dd6050502,5.0
67c184c89e0e44affb125787,6796239e12bc2f4623189821,1.0
67c184c89e0e44affb125787,6796245212bc2f4623189af0,5.0
67c184c89e0e44affb125787,6796273b12bc2f462318a726,1.0
67c184c89e0e44affb125787,679628a712bc2f462318acfa,1.0
67c184c89e0e44affb125787,6796295c12bc2f462318afac,1.0
67c184c89e0e44affb125787,679629cb12bc2f462318b18c,1.0
67c184c89e0e44affb125787,67b5d63a815a603d5ef7f300,1.0
67c184c89e0e44affb125787,67bc0c2ecd3b3e56742680a5,1.0
67c184c89e0e44affb125787,67bd9a36cd3b3e567426ac69,1.0
67c184c89e0e44affb125787,67bdbcf5cd3b3e567426d157,1.0
67c184c89e0e44affb125787,67bef92e53f111a48a1360bb,1.0
67c1852b9e0e44affb125a60,679119abe65df45dd604dba4,5.0
67c1852b9e0e44affb125a60,67944d25e65df45dd6051aba,5.0
67c1852b9e0e44affb125a60,679629f012bc2f462318b216,1.0
67c421363830dee6d2fc8957,678bd83213537f4d204a2a88,1.0
67c421363830dee6d2fc8957,67bc0b07cd3b3e5674267fb8,1.0
67c53aad3830dee6d2fc8c3e,678d426366775883717f29eb,1.0
67c53aad3830dee6d2fc8c3e,678e19f5f39856f152353163,1.0
67c53aad3830dee6d2fc8c3e,67953b6e05e5f89c459790a7,1.0
67c54d4e3830dee6d2fc8e80,67893e7513537f4d2049d520,1.0
67c54d4e3830dee6d2fc8e80,678dd2a766775883717f7e16,5.0
67c7302c3830dee6d2fcc0e8,678bf689f5489fb0e0251701,1.0
67c7302c3830dee6d2fcc0e8,678d446a66775883717f4ae4,1.0
67c7d0ba3830dee6d2fcc25f,678bd8d913537f4d204a33f7,1.0
67cbfb6c3cde7a9621cee17a,678d403366775883717f0696,1.0
67cbfb6c3cde7a9621cee17a,678e1cd0f39856f1523540b7,1.0
67cbfb6c3cde7a9621cee17a,678e408da8ae2c5d02101ad9,1.0
67ddaa9e9e69acccee61c65b,678e1db7f39856f152354ec9,1.0
67ddaa9e9e69acccee61c65b,67953dd705e5f89c4597ab2e,5.0
67de562440596e2f906402bf,67bd4797cd3b3e5674268cab,1.0
67e3b29adab681792f0c529c,678d411d66775883717f1483,1.0
67e3b29adab681792f0c529c,678e1f2df39856f152356368,1.0
67e3b29adab681792f0c529c,679443b5e65df45dd6050fbb,5.0
67e3b29adab681792f0c529c,6796477e12bc2f462318c88c,5.0
67e3b29adab681792f0c529c,67bc08a7cd3b3e56742676e5,5.0
67e3b29adab681792f0c529c,67bd488acd3b3e56742691ca,5.0
67e3b29adab681792f0c529c,67bd9770cd3b3e567426a567,5.0
67e566c3aca0fa091439fc00,678d42cd66775883717f3035,1.0
67eb9a396ad63b475a85437a,678bd82013537f4d204a295d,1.0
67eb9a396ad63b475a85437a,678e16c8f39856f1523507f8,1.0
6841c8b7cfe60dc02661074e,678bf6eaf5489fb0e0251d78,1.0
6841c8b7cfe60dc02661074e,678bf7d3f5489fb0e0252e73,1.0
6841c8b7cfe60dc02661074e,678e32a9f39856f15235a333,1.0
6841c8b7cfe60dc02661074e,67c6e1ea3830dee6d2fcb2ac,5.0
6841c8b7cfe60dc02661074e,67e52c030145929c6afbf9d1,5.0
684e60cf4042e27af289fc3c,678bf5def5489fb0e0250a2c,5.0
684e60cf4042e27af289fc3c,678bf62af5489fb0e0250f8a,1.0
684e60cf4042e27af289fc3c,678d400e66775883717f0436,1.0
684e60cf4042e27af289fc3c,678d402a66775883717f060c,1.0
684e60cf4042e27af289fc3c,678d446c66775883717f4b12,1.0
6870c7acc090e0f3d43c13c5,678bf5caf5489fb0e0250901,1.0
6870c7acc090e0f3d43c13c5,678d409866775883717f0c28,1.0
6870c7acc090e0f3d43c13c5,678d413966775883717f1666,1.0
6870c7acc090e0f3d43c13c5,678d448e66775883717f4d51,1.0
6870c7acc090e0f3d43c13c5,678dcd9b66775883717f6d8e,1.0
6870c7acc090e0f3d43c13c5,678e1fb5f39856f152356a81,1.0
6870c7acc090e0f3d43c13c5,678e2134f39856f152357f6e,1.0
6870c7acc090e0f3d43c13c5,67beec7153f111a48a13563d,1.0
6870c7acc090e0f3d43c13c5,67c5ead23830dee6d2fca8f0,1.0
6870c7acc090e0f3d43c13c5,67cd39843cde7a9621cee7c1,1.0
6870cfdfc090e0f3d43c175e,678bd7dd13537f4d204a2597,1.0
6870cfdfc090e0f3d43c175e,678d449466775883717f4dc4,1.0
6870db855bdd19115a9b3807,678bf677f5489fb0e025158a,1.0
6870db855bdd19115a9b3807,678d418166775883717f1bb3,1.0
6870db855bdd19115a9b3807,678d42cd66775883717f3035,1.0
6870db855bdd19115a9b3807,678d42e566775883717f318e,1.0
6870db855bdd19115a9b3807,678d43e166775883717f41a3,1.0
6870db855bdd19115a9b3807,678d43fa66775883717f432a,1.0
6870db855bdd19115a9b3807,678e1f08f39856f152356157,1.0
6870db855bdd19115a9b3807,67bd9aaacd3b3e567426adab,1.0
6870db855bdd19115a9b3807,67bd9af6cd3b3e567426aed6,1.0
6870db855bdd19115a9b3807,67cea049381a17e3b85c6620,1.0
688cb123f973caf328580ddf,68a8075db48b37f15da6d904,6.0
6892ffc74f17df142d03759f,6899d47fd10bebd21f6aed93,6.0
6892ffc74f17df142d03759f,6899d485d10bebd21f6aedb3,6.0
6892ffc74f17df142d03759f,6899e818d10bebd21f6af183,6.0
6892ffc74f17df142d03759f,68a654daf7567f01ebaf231e,6.0
6892ffc74f17df142d03759f,68a80cbcb48b37f15da6db91,6.0
6892ffc74f17df142d03759f,6937c48e3fc9e13f77ee0ee1,6.0
68937e8f4f17df142d037615,6899ce87d10bebd21f6aea72,6.0
68937e8f4f17df142d037615,6899ce89d10bebd21f6aea82,6.0
68937e8f4f17df142d037615,6899ce8cd10bebd21f6aeaa2,6.0
68937e8f4f17df142d037615,6899cff6d10bebd21f6aeb28,6.0
68937e8f4f17df142d037615,6899cff7d10bebd21f6aeb38,6.0
68937e8f4f17df142d037615,6899cff8d10bebd21f6aeb48,6.0
68937e8f4f17df142d037615,6899cff9d10bebd21f6aeb58,6.0
68937e8f4f17df142d037615,6899cff9d10bebd21f6aeb68,6.0
68937e8f4f17df142d037615,6899cffad10bebd21f6aeb78,6.0
68937e8f4f17df142d037615,6899cffbd10bebd21f6aeb88,6.0
68937e8f4f17df142d037615,6899cffcd10bebd21f6aeb98,6.0
68937e8f4f17df142d037615,6899cffdd10bebd21f6aeba8,6.0
68937e8f4f17df142d037615,6899cffdd10bebd21f6aebb8,6.0
68937e8f4f17df142d037615,6899cffed10bebd21f6aebc8,6.0
68937e8f4f17df142d037615,6899cfffd10bebd21f6aebd8,6.0
68937e8f4f17df142d037615,6899d000d10bebd21f6aebe8,6.0
68937e8f4f17df142d037615,6899d001d10bebd21f6aebf8,6.0
68937e8f4f17df142d037615,6899d003d10bebd21f6aec08,6.0
68937e8f4f17df142d037615,6899d004d10bebd21f6aec18,6.0
68937e8f4f17df142d037615,6899d471d10bebd21f6aed33,6.0
68937e8f4f17df142d037615,6899d475d10bebd21f6aed53,6.0
68937e8f4f17df142d037615,6899d477d10bebd21f6aed63,6.0
68937e8f4f17df142d037615,6899d479d10bebd21f6aed73,6.0
68937e8f4f17df142d037615,6899d47cd10bebd21f6aed83,6.0
68937e8f4f17df142d037615,6899d47fd10bebd21f6aed93,6.0
68937e8f4f17df142d037615,6899d482d10bebd21f6aeda3,6.0
68937e8f4f17df142d037615,6899d485d10bebd21f6aedb3,6.0
68937e8f4f17df142d037615,6899d488d10bebd21f6aedc3,6.0
68937e8f4f17df142d037615,6899d48bd10bebd21f6aedd3,6.0
68937e8f4f17df142d037615,6899d48ed10bebd21f6aede3,6.0
68937e8f4f17df142d037615,6899d493d10bebd21f6aedf3,6.0
68937e8f4f17df142d037615,6899d496d10bebd21f6aee03,6.0
68937e8f4f17df142d037615,6899d49ad10bebd21f6aee13,6.0
68937e8f4f17df142d037615,6899d49dd10bebd21f6aee23,6.0
68937e8f4f17df142d037615,6899d4a0d10bebd21f6aee33,6.0
68937e8f4f17df142d037615,6899d4a3d10bebd21f6aee43,6.0
68937e8f4f17df142d037615,6899d4a5d10bebd21f6aee53,6.0
68937e8f4f17df142d037615,6899d4a8d10bebd21f6aee63,6.0
68937e8f4f17df142d037615,6899d4aad10bebd21f6aee73,6.0
68937e8f4f17df142d037615,6899d4acd10bebd21f6aee83,6.0
68937e8f4f17df142d037615,6899d4afd10bebd21f6aee93,6.0
68937e8f4f17df142d037615,6899e5c8d10bebd21f6aefba,6.0
68937e8f4f17df142d037615,6899e5c9d10bebd21f6aefca,6.0
68937e8f4f17df142d037615,6899e5c9d10bebd21f6aefda,6.0
68937e8f4f17df142d037615,6899e5c9d10bebd21f6aefea,6.0
68937e8f4f17df142d037615,6899e5cad10bebd21f6aeffa,6.0
68937e8f4f17df142d037615,6899e5cad10bebd21f6af00a,6.0
68937e8f4f17df142d037615,6899e5cad10bebd21f6af01a,6.0
68937e8f4f17df142d037615,6899e5cbd10bebd21f6af02a,6.0
68937e8f4f17df142d037615,6899e5cbd10bebd21f6af03a,6.0
68937e8f4f17df142d037615,6899e5cbd10bebd21f6af04a,6.0
68937e8f4f17df142d037615,6899e5ccd10bebd21f6af05a,6.0
68937e8f4f17df142d037615,6899e5ccd10bebd21f6af06a,6.0
68937e8f4f17df142d037615,6899e5cdd10bebd21f6af07a,6.0
68937e8f4f17df142d037615,6899e810d10bebd21f6af123,6.0
68937e8f4f17df142d037615,6899e812d10bebd21f6af133,6.0
68937e8f4f17df142d037615,6899e813d10bebd21f6af143,6.0
68937e8f4f17df142d037615,6899e814d10bebd21f6af153,6.0
68937e8f4f17df142d037615,6899e815d10bebd21f6af163,6.0
68937e8f4f17df142d037615,6899e817d10bebd21f6af173,6.0
68937e8f4f17df142d037615,6899e818d10bebd21f6af183,6.0
68937e8f4f17df142d037615,6899e819d10bebd21f6af193,6.0
68937e8f4f17df142d037615,6899e81ad10bebd21f6af1a3,6.0
68937e8f4f17df142d037615,6899e81cd10bebd21f6af1b3,6.0
68937e8f4f17df142d037615,6899e81ed10bebd21f6af1c3,6.0
68937e8f4f17df142d037615,6899e81fd10bebd21f6af1d3,6.0
68937e8f4f17df142d037615,6899e821d10bebd21f6af1e3,6.0
68937e8f4f17df142d037615,6899e823d10bebd21f6af1f3,6.0
68937e8f4f17df142d037615,6899e825d10bebd21f6af203,6.0
68937e8f4f17df142d037615,6899e826d10bebd21f6af213,6.0
68937e8f4f17df142d037615,6899e828d10bebd21f6af223,6.0
68937e8f4f17df142d037615,6899e829d10bebd21f6af233,6.0
68937e8f4f17df142d037615,6899e82bd10bebd21f6af243,6.0
68937e8f4f17df142d037615,6899e82dd10bebd21f6af253,6.0
68937e8f4f17df142d037615,6899e82ed10bebd21f6af263,6.0
68937e8f4f17df142d037615,6899e830d10bebd21f6af273,6.0
68937e8f4f17df142d037615,6899e832d10bebd21f6af283,6.0
68937e8f4f17df142d037615,6899e834d10bebd21f6af293,6.0
68937e8f4f17df142d037615,6899e835d10bebd21f6af2a3,6.0
68937e8f4f17df142d037615,6899e838d10bebd21f6af2b3,6.0
68937e8f4f17df142d037615,6899e839d10bebd21f6af2c3,6.0
68937e8f4f17df142d037615,6899e83bd10bebd21f6af2d3,6.0
68937e8f4f17df142d037615,6899e83dd10bebd21f6af2e3,6.0
68937e8f4f17df142d037615,6899e83fd10bebd21f6af2f3,6.0
68937e8f4f17df142d037615,6899e841d10bebd21f6af303,6.0
68937e8f4f17df142d037615,6899e843d10bebd21f6af313,6.0
68937e8f4f17df142d037615,6899e846d10bebd21f6af323,6.0
68937e8f4f17df142d037615,6899e849d10bebd21f6af333,6.0
68937e8f4f17df142d037615,6899e84cd10bebd21f6af343,6.0
68937e8f4f17df142d037615,6899e84ed10bebd21f6af353,6.0
68937e8f4f17df142d037615,6899e850d10bebd21f6af363,6.0
68937e8f4f17df142d037615,6899e853d10bebd21f6af373,6.0
68937e8f4f17df142d037615,6899e855d10bebd21f6af383,6.0
68937e8f4f17df142d037615,6899e858d10bebd21f6af393,6.0
68937e8f4f17df142d037615,6899e85ad10bebd21f6af3a3,6.0
68937e8f4f17df142d037615,6899e85dd10bebd21f6af3b3,6.0
68937e8f4f17df142d037615,6899e860d10bebd21f6af3c3,6.0
68937e8f4f17df142d037615,6899e863d10bebd21f6af3d3,6.0
68937e8f4f17df142d037615,6899e867d10bebd21f6af3e3,6.0
68937e8f4f17df142d037615,6899e86bd10bebd21f6af3f3,6.0
68937e8f4f17df142d037615,6899e91ad10bebd21f6af5d1,6.0
68937e8f4f17df142d037615,6899e91cd10bebd21f6af5e1,6.0
68937e8f4f17df142d037615,6899e91dd10bebd21f6af5f1,6.0
68937e8f4f17df142d037615,68a360176f79f30072283ab9,6.0
68937e8f4f17df142d037615,68a360e66f79f30072283b08,6.0
68937e8f4f17df142d037615,68a360ee6f79f30072283b18,6.0
68937e8f4f17df142d037615,68a360f96f79f30072283b28,6.0
68937e8f4f17df142d037615,68a361026f79f30072283b38,6.0
68937e8f4f17df142d037615,68a3610a6f79f30072283b48,6.0
68937e8f4f17df142d037615,68a361156f79f30072283b58,6.0
68937e8f4f17df142d037615,68a3611f6f79f30072283b68,6.0
68937e8f4f17df142d037615,68a361286f79f30072283b78,6.0
68937e8f4f17df142d037615,68a361316f79f30072283b88,6.0
68937e8f4f17df142d037615,68a3613b6f79f30072283b98,6.0
68937e8f4f17df142d037615,68a361426f79f30072283ba8,6.0
68937e8f4f17df142d037615,68a3614b6f79f30072283bb8,6.0
68937e8f4f17df142d037615,68a361566f79f30072283bc8,6.0
68937e8f4f17df142d037615,68a361646f79f30072283bd8,6.0
68937e8f4f17df142d037615,68a361706f79f30072283be8,6.0
68937e8f4f17df142d037615,68a361786f79f30072283bf8,6.0
68937e8f4f17df142d037615,68a361846f79f30072283c08,6.0
68937e8f4f17df142d037615,68a652a9f7567f01ebaf21b4,6.0
68937e8f4f17df142d037615,68a654b2f7567f01ebaf21ee,6.0
68937e8f4f17df142d037615,68a654b4f7567f01ebaf21fe,6.0
68937e8f4f17df142d037615,68a654b5f7567f01ebaf220e,6.0
68937e8f4f17df142d037615,68a654bbf7567f01ebaf221e,6.0
68937e8f4f17df142d037615,68a654bff7567f01ebaf222e,6.0
68937e8f4f17df142d037615,68a654c2f7567f01ebaf223e,6.0
68937e8f4f17df142d037615,68a654c4f7567f01ebaf224e,6.0
68937e8f4f17df142d037615,68a654c5f7567f01ebaf225e,6.0
68937e8f4f17df142d037615,68a654c7f7567f01ebaf226e,6.0
68937e8f4f17df142d037615,68a654c8f7567f01ebaf227e,6.0
68937e8f4f17df142d037615,68a654c9f7567f01ebaf228e,6.0
68937e8f4f17df142d037615,68a654caf7567f01ebaf229e,6.0
68937e8f4f17df142d037615,68a654cdf7567f01ebaf22ae,6.0
68937e8f4f17df142d037615,68a654cff7567f01ebaf22be,6.0
68937e8f4f17df142d037615,68a654d1f7567f01ebaf22ce,6.0
68937e8f4f17df142d037615,68a654d3f7567f01ebaf22de,6.0
68937e8f4f17df142d037615,68a654d5f7567f01ebaf22ee,6.0
68937e8f4f17df142d037615,68a654d7f7567f01ebaf22fe,6.0
68937e8f4f17df142d037615,68a654d8f7567f01ebaf230e,6.0
68937e8f4f17df142d037615,68a654daf7567f01ebaf231e,6.0
68937e8f4f17df142d037615,68a654dcf7567f01ebaf232e,6.0
68937e8f4f17df142d037615,68a654dff7567f01ebaf233e,6.0
68937e8f4f17df142d037615,6936fdcb3fc9e13f77ee0b78,6.0
68937e8f4f17df142d037615,6936fe7c3fc9e13f77ee0bdf,6.0
68937e8f4f17df142d037615,695b470080e87970ed7d8e7d,6.0
6895c1b24f17df142d037d03,689839fe1817cf3a1d2eb9ef,6.0
6895c1b24f17df142d037d03,6899ce87d10bebd21f6aea72,6.0
6895c1b24f17df142d037d03,6899ce8cd10bebd21f6aeaa2,6.0
6895c1b24f17df142d037d03,6899cff9d10bebd21f6aeb58,6.0
6895c1b24f17df142d037d03,6899cffdd10bebd21f6aeba8,6.0
6895c1b24f17df142d037d03,6899d48ed10bebd21f6aede3,6.0
6895c1b24f17df142d037d03,6899e818d10bebd21f6af183,6.0
6895c1b24f17df142d037d03,6899e81ad10bebd21f6af1a3,6.0
6895c1b24f17df142d037d03,6899e834d10bebd21f6af293,6.0
6895c1b24f17df142d037d03,6899e835d10bebd21f6af2a3,6.0
6895c1b24f17df142d037d03,68a654daf7567f01ebaf231e,6.0
6895c1b24f17df142d037d03,68a8075db48b37f15da6d904,6.0
6895c1b24f17df142d037d03,68b02ba456df135c4d9677e7,6.0
6895c1b24f17df142d037d03,68b1573a113846ff592b40b0,6.0
6895c1b24f17df142d037d03,68b54867eaaa3ed35e10cd2b,6.0
68982a54c14e977f8cb0f70d,6789861e13537f4d2049ddbd,1.0
68982a54c14e977f8cb0f70d,678e32e8f39856f15235a74f,1.0
690206ab82d9f17657e30c82,6899ce87d10bebd21f6aea72,6.0
