user_idx,item_idx,language_idx,category_idx,score
0,0,3,0,3.0
0,2,3,0,1.0
0,8,3,0,1.0
0,9,3,0,1.0
0,10,3,0,1.0
0,15,3,0,1.0
0,16,3,0,1.0
0,21,3,0,4.0
0,23,3,0,3.0
0,26,3,0,3.0
0,27,3,0,3.0
0,29,3,0,4.0
0,34,3,0,1.0
0,36,3,0,1.0
0,38,3,0,4.0
0,43,3,0,4.0
0,44,3,0,4.0
0,56,3,0,1.0
0,58,3,0,4.0
0,59,3,0,1.0
0,64,3,0,4.0
0,66,3,0,4.0
0,67,3,0,1.0
0,70,3,0,4.0
0,71,3,0,4.0
0,72,3,0,3.0
0,79,3,0,1.0
0,80,3,0,1.0
0,81,3,0,1.0
0,83,3,0,1.0
0,92,3,0,4.0
0,96,3,0,1.0
0,97,3,0,3.0
0,98,3,0,1.0
0,99,3,0,1.0
0,102,3,0,4.0
0,105,3,0,1.0
0,106,3,0,1.0
0,107,3,0,4.0
0,108,3,0,1.0
0,109,3,0,1.0
0,118,3,0,3.0
0,119,3,0,1.0
0,123,3,0,1.0
0,126,3,0,1.0
0,127,3,0,1.0
0,130,3,0,1.0
0,133,3,0,1.0
0,134,3,0,1.0
0,135,3,0,1.0
0,137,3,0,3.0
0,140,3,0,1.0
0,142,3,0,1.0
0,143,3,0,1.0
0,146,3,0,1.0
0,154,3,0,3.0
0,158,3,0,1.0
0,172,3,0,1.0
0,173,3,0,1.0
0,175,3,0,1.0
0,179,3,0,3.0
0,183,3,0,1.0
0,187,3,0,1.0
0,192,3,0,1.0
0,193,3,0,1.0
0,198,3,0,1.0
0,200,3,0,1.0
0,220,3,0,1.0
0,224,3,0,1.0
0,229,3,0,1.0
0,234,3,0,1.0
0,241,3,0,1.0
0,254,3,0,1.0
0,255,3,0,1.0
0,257,3,0,1.0
0,265,3,0,1.0
0,267,3,0,1.0
0,269,3,0,1.0
0,270,3,0,1.0
0,275,3,0,1.0
0,277,3,0,1.0
0,278,3,0,3.0
0,279,3,0,1.0
0,282,3,0,1.0
0,288,3,0,1.0
0,290,3,0,1.0
0,292,3,0,4.0
0,295,3,0,4.0
0,296,3,0,1.0
0,299,3,0,1.0
0,302,3,0,1.0
0,303,3,0,1.0
0,310,3,0,1.0
0,313,3,0,1.0
0,318,3,0,1.0
0,321,3,0,1.0
0,326,3,0,1.0
0,327,3,0,1.0
0,334,3,0,1.0
0,336,3,0,3.0
0,341,3,0,1.0
0,343,3,0,1.0
0,345,3,0,1.0
0,348,3,0,1.0
0,351,3,0,1.0
0,353,3,0,1.0
0,359,3,0,3.0
0,360,3,0,1.0
0,362,3,0,1.0
0,365,3,0,3.0
0,371,3,0,4.0
0,373,3,0,1.0
0,374,3,0,1.0
0,376,3,0,1.0
0,378,3,0,1.0
0,380,3,0,1.0
0,382,3,0,1.0
0,383,3,0,1.0
0,385,3,0,1.0
0,389,3,0,1.0
0,404,3,0,1.0
0,405,3,0,1.0
0,406,3,0,1.0
0,407,3,0,1.0
0,408,3,0,1.0
0,410,3,0,1.0
0,431,3,0,1.0
0,432,3,0,1.0
0,433,3,0,1.0
0,434,3,0,1.0
0,435,3,0,1.0
0,437,3,0,1.0
0,438,3,0,1.0
0,439,3,0,1.0
0,441,3,0,1.0
0,442,3,0,1.0
0,447,3,0,1.0
0,448,3,0,1.0
0,449,3,0,1.0
0,450,3,0,1.0
0,452,3,0,1.0
0,455,3,0,1.0
0,457,3,0,1.0
0,462,3,0,1.0
0,464,3,0,1.0
0,466,3,0,1.0
0,471,3,0,1.0
0,472,3,0,1.0
0,474,3,0,1.0
0,475,3,0,1.0
0,477,3,0,1.0
0,480,3,0,1.0
0,481,3,0,1.0
0,485,3,0,1.0
0,487,3,0,1.0
0,492,3,0,4.0
0,495,3,0,1.0
0,497,3,0,1.0
0,498,3,0,1.0
0,500,3,0,1.0
0,501,3,0,1.0
0,503,3,0,1.0
0,511,3,0,1.0
0,513,3,0,1.0
0,516,3,0,1.0
0,517,3,0,1.0
0,519,3,0,1.0
0,520,3,0,1.0
0,523,3,0,3.0
0,525,3,0,4.0
0,529,3,0,1.0
0,531,3,0,3.0
0,533,3,0,1.0
0,535,3,0,1.0
0,540,3,0,1.0
0,542,3,0,1.0
0,543,3,0,1.0
0,544,3,0,1.0
0,548,3,0,1.0
0,549,3,0,1.0
0,551,3,0,1.0
0,557,3,0,1.0
0,558,3,0,1.0
0,559,3,0,1.0
0,560,3,0,1.0
0,562,3,0,1.0
0,563,3,0,1.0
0,564,3,0,1.0
0,565,3,0,1.0
0,568,3,0,1.0
0,570,3,0,1.0
0,574,3,0,1.0
0,575,3,0,1.0
0,576,3,0,1.0
0,577,3,0,1.0
0,583,3,0,1.0
0,585,3,0,1.0
0,588,3,0,1.0
0,591,3,0,1.0
0,592,3,0,1.0
0,593,3,0,1.0
0,594,3,0,1.0
0,595,3,0,1.0
0,597,3,0,1.0
0,599,3,0,1.0
0,609,3,0,1.0
0,612,3,0,1.0
0,617,3,0,1.0
0,620,3,0,1.0
0,621,3,0,1.0
0,622,3,0,1.0
0,625,3,0,1.0
0,626,3,0,1.0
0,627,3,0,1.0
0,631,3,0,1.0
0,633,3,0,1.0
0,635,3,0,1.0
0,636,3,0,1.0
0,638,3,0,1.0
0,639,3,0,1.0
0,640,3,0,3.0
0,641,3,0,1.0
0,642,3,0,1.0
0,644,3,0,1.0
0,649,3,0,1.0
0,650,3,0,1.0
0,651,3,0,1.0
0,652,3,0,1.0
0,654,3,0,1.0
0,655,3,0,1.0
0,656,3,0,1.0
0,657,3,0,1.0
0,660,3,0,1.0
0,666,3,0,1.0
0,667,3,0,1.0
0,668,3,0,1.0
0,669,3,0,1.0
0,670,3,0,1.0
0,671,3,0,1.0
0,672,3,0,1.0
0,673,3,0,1.0
0,674,3,0,1.0
0,675,3,0,1.0
0,676,3,0,1.0
0,677,3,0,1.0
0,679,3,0,4.0
0,680,3,0,1.0
0,683,3,0,1.0
0,684,3,0,1.0
0,688,3,0,1.0
0,690,3,0,1.0
0,693,3,0,1.0
0,695,3,0,1.0
0,702,3,0,1.0
0,703,3,0,4.0
0,704,3,0,1.0
0,705,3,0,1.0
0,707,3,0,1.0
0,708,3,0,1.0
0,709,3,0,1.0
0,720,3,0,1.0
0,722,3,0,1.0
0,732,3,0,1.0
0,733,3,0,1.0
0,736,3,0,1.0
0,737,3,0,3.0
0,739,3,0,1.0
0,743,3,0,1.0
0,744,3,0,1.0
0,745,3,0,1.0
0,746,3,0,1.0
0,747,3,0,1.0
0,749,3,0,1.0
0,751,3,0,1.0
0,766,3,0,1.0
0,775,3,0,3.0
0,781,3,0,1.0
0,782,3,0,1.0
0,783,3,0,1.0
0,784,3,0,1.0
0,785,3,0,1.0
0,786,3,0,1.0
0,787,3,0,1.0
0,788,3,0,1.0
0,789,3,0,1.0
0,790,3,0,1.0
0,791,3,0,1.0
0,795,3,0,3.0
0,796,3,0,3.0
0,797,3,0,3.0
0,801,3,0,3.0
1,2,0,1,1.0
1,2,0,2,1.0
1,2,0,3,1.0
1,2,0,4,1.0
1,2,0,5,1.0
1,2,0,6,1.0
1,2,0,7,1.0
1,2,0,8,1.0
1,2,0,9,1.0
1,2,0,10,1.0
1,2,0,11,1.0
1,2,0,12,1.0
1,2,0,13,1.0
1,2,0,14,1.0
1,2,0,15,1.0
1,2,0,16,1.0
1,2,0,17,1.0
1,2,0,18,1.0
1,2,0,19,1.0
1,2,0,20,1.0
1,37,0,1,3.0
1,37,0,2,3.0
1,37,0,3,3.0
1,37,0,4,3.0
1,37,0,5,3.0
1,37,0,6,3.0
1,37,0,7,3.0
1,37,0,8,3.0
1,37,0,9,3.0
1,37,0,10,3.0
1,37,0,11,3.0
1,37,0,12,3.0
1,37,0,13,3.0
1,37,0,14,3.0
1,37,0,15,3.0
1,37,0,16,3.0
1,37,0,17,3.0
1,37,0,18,3.0
1,37,0,19,3.0
1,37,0,20,3.0
1,57,0,1,4.0
1,57,0,2,4.0
1,57,0,3,4.0
1,57,0,4,4.0
1,57,0,5,4.0
1,57,0,6,4.0
1,57,0,7,4.0
1,57,0,8,4.0
1,57,0,9,4.0
1,57,0,10,4.0
1,57,0,11,4.0
1,57,0,12,4.0
1,57,0,13,4.0
1,57,0,14,4.0
1,57,0,15,4.0
1,57,0,16,4.0
1,57,0,17,4.0
1,57,0,18,4.0
1,57,0,19,4.0
1,57,0,20,4.0
1,60,0,1,1.0
1,60,0,2,1.0
1,60,0,3,1.0
1,60,0,4,1.0
1,60,0,5,1.0
1,60,0,6,1.0
1,60,0,7,1.0
1,60,0,8,1.0
1,60,0,9,1.0
1,60,0,10,1.0
1,60,0,11,1.0
1,60,0,12,1.0
1,60,0,13,1.0
1,60,0,14,1.0
1,60,0,15,1.0
1,60,0,16,1.0
1,60,0,17,1.0
1,60,0,18,1.0
1,60,0,19,1.0
1,60,0,20,1.0
1,95,0,1,1.0
1,95,0,2,1.0
1,95,0,3,1.0
1,95,0,4,1.0
1,95,0,5,1.0
1,95,0,6,1.0
1,95,0,7,1.0
1,95,0,8,1.0
1,95,0,9,1.0
1,95,0,10,1.0
1,95,0,11,1.0
1,95,0,12,1.0
1,95,0,13,1.0
1,95,0,14,1.0
1,95,0,15,1.0
1,95,0,16,1.0
1,95,0,17,1.0
1,95,0,18,1.0
1,95,0,19,1.0
1,95,0,20,1.0
1,110,0,1,1.0
1,110,0,2,1.0
1,110,0,3,1.0
1,110,0,4,1.0
1,110,0,5,1.0
1,110,0,6,1.0
1,110,0,7,1.0
1,110,0,8,1.0
1,110,0,9,1.0
1,110,0,10,1.0
1,110,0,11,1.0
1,110,0,12,1.0
1,110,0,13,1.0
1,110,0,14,1.0
1,110,0,15,1.0
1,110,0,16,1.0
1,110,0,17,1.0
1,110,0,18,1.0
1,110,0,19,1.0
1,110,0,20,1.0
1,114,0,1,1.0
1,114,0,2,1.0
1,114,0,3,1.0
1,114,0,4,1.0
1,114,0,5,1.0
1,114,0,6,1.0
1,114,0,7,1.0
1,114,0,8,1.0
1,114,0,9,1.0
1,114,0,10,1.0
1,114,0,11,1.0
1,114,0,12,1.0
1,114,0,13,1.0
1,114,0,14,1.0
1,114,0,15,1.0
1,114,0,16,1.0
1,114,0,17,1.0
1,114,0,18,1.0
1,114,0,19,1.0
1,114,0,20,1.0
1,122,0,1,1.0
1,122,0,2,1.0
1,122,0,3,1.0
1,122,0,4,1.0
1,122,0,5,1.0
1,122,0,6,1.0
1,122,0,7,1.0
1,122,0,8,1.0
1,122,0,9,1.0
1,122,0,10,1.0
1,122,0,11,1.0
1,122,0,12,1.0
1,122,0,13,1.0
1,122,0,14,1.0
1,122,0,15,1.0
1,122,0,16,1.0
1,122,0,17,1.0
1,122,0,18,1.0
1,122,0,19,1.0
1,122,0,20,1.0
1,126,0,1,1.0
1,126,0,2,1.0
1,126,0,3,1.0
1,126,0,4,1.0
1,126,0,5,1.0
1,126,0,6,1.0
1,126,0,7,1.0
1,126,0,8,1.0
1,126,0,9,1.0
1,126,0,10,1.0
1,126,0,11,1.0
1,126,0,12,1.0
1,126,0,13,1.0
1,126,0,14,1.0
1,126,0,15,1.0
1,126,0,16,1.0
1,126,0,17,1.0
1,126,0,18,1.0
1,126,0,19,1.0
1,126,0,20,1.0
1,132,0,1,1.0
1,132,0,2,1.0
1,132,0,3,1.0
1,132,0,4,1.0
1,132,0,5,1.0
1,132,0,6,1.0
1,132,0,7,1.0
1,132,0,8,1.0
1,132,0,9,1.0
1,132,0,10,1.0
1,132,0,11,1.0
1,132,0,12,1.0
1,132,0,13,1.0
1,132,0,14,1.0
1,132,0,15,1.0
1,132,0,16,1.0
1,132,0,17,1.0
1,132,0,18,1.0
1,132,0,19,1.0
1,132,0,20,1.0
1,145,0,1,1.0
1,145,0,2,1.0
1,145,0,3,1.0
1,145,0,4,1.0
1,145,0,5,1.0
1,145,0,6,1.0
1,145,0,7,1.0
1,145,0,8,1.0
1,145,0,9,1.0
1,145,0,10,1.0
1,145,0,11,1.0
1,145,0,12,1.0
1,145,0,13,1.0
1,145,0,14,1.0
1,145,0,15,1.0
1,145,0,16,1.0
1,145,0,17,1.0
1,145,0,18,1.0
1,145,0,19,1.0
1,145,0,20,1.0
1,153,0,1,4.0
1,153,0,2,4.0
1,153,0,3,4.0
1,153,0,4,4.0
1,153,0,5,4.0
1,153,0,6,4.0
1,153,0,7,4.0
1,153,0,8,4.0
1,153,0,9,4.0
1,153,0,10,4.0
1,153,0,11,4.0
1,153,0,12,4.0
1,153,0,13,4.0
1,153,0,14,4.0
1,153,0,15,4.0
1,153,0,16,4.0
1,153,0,17,4.0
1,153,0,18,4.0
1,153,0,19,4.0
1,153,0,20,4.0
1,167,0,1,3.0
1,167,0,2,3.0
1,167,0,3,3.0
1,167,0,4,3.0
1,167,0,5,3.0
1,167,0,6,3.0
1,167,0,7,3.0
1,167,0,8,3.0
1,167,0,9,3.0
1,167,0,10,3.0
1,167,0,11,3.0
1,167,0,12,3.0
1,167,0,13,3.0
1,167,0,14,3.0
1,167,0,15,3.0
1,167,0,16,3.0
1,167,0,17,3.0
1,167,0,18,3.0
1,167,0,19,3.0
1,167,0,20,3.0
1,170,0,1,3.0
1,170,0,2,3.0
1,170,0,3,3.0
1,170,0,4,3.0
1,170,0,5,3.0
1,170,0,6,3.0
1,170,0,7,3.0
1,170,0,8,3.0
1,170,0,9,3.0
1,170,0,10,3.0
1,170,0,11,3.0
1,170,0,12,3.0
1,170,0,13,3.0
1,170,0,14,3.0
1,170,0,15,3.0
1,170,0,16,3.0
1,170,0,17,3.0
1,170,0,18,3.0
1,170,0,19,3.0
1,170,0,20,3.0
1,174,0,1,1.0
1,174,0,2,1.0
1,174,0,3,1.0
1,174,0,4,1.0
1,174,0,5,1.0
1,174,0,6,1.0
1,174,0,7,1.0
1,174,0,8,1.0
1,174,0,9,1.0
1,174,0,10,1.0
1,174,0,11,1.0
1,174,0,12,1.0
1,174,0,13,1.0
1,174,0,14,1.0
1,174,0,15,1.0
1,174,0,16,1.0
1,174,0,17,1.0
1,174,0,18,1.0
1,174,0,19,1.0
1,174,0,20,1.0
1,176,0,1,4.0
1,176,0,2,4.0
1,176,0,3,4.0
1,176,0,4,4.0
1,176,0,5,4.0
1,176,0,6,4.0
1,176,0,7,4.0
1,176,0,8,4.0
1,176,0,9,4.0
1,176,0,10,4.0
1,176,0,11,4.0
1,176,0,12,4.0
1,176,0,13,4.0
1,176,0,14,4.0
1,176,0,15,4.0
1,176,0,16,4.0
1,176,0,17,4.0
1,176,0,18,4.0
1,176,0,19,4.0
1,176,0,20,4.0
1,184,0,1,1.0
1,184,0,2,1.0
1,184,0,3,1.0
1,184,0,4,1.0
1,184,0,5,1.0
1,184,0,6,1.0
1,184,0,7,1.0
1,184,0,8,1.0
1,184,0,9,1.0
1,184,0,10,1.0
1,184,0,11,1.0
1,184,0,12,1.0
1,184,0,13,1.0
1,184,0,14,1.0
1,184,0,15,1.0
1,184,0,16,1.0
1,184,0,17,1.0
1,184,0,18,1.0
1,184,0,19,1.0
1,184,0,20,1.0
1,202,0,1,1.0
1,202,0,2,1.0
1,202,0,3,1.0
1,202,0,4,1.0
1,202,0,5,1.0
1,202,0,6,1.0
1,202,0,7,1.0
1,202,0,8,1.0
1,202,0,9,1.0
1,202,0,10,1.0
1,202,0,11,1.0
1,202,0,12,1.0
1,202,0,13,1.0
1,202,0,14,1.0
1,202,0,15,1.0
1,202,0,16,1.0
1,202,0,17,1.0
1,202,0,18,1.0
1,202,0,19,1.0
1,202,0,20,1.0
1,217,0,1,1.0
1,217,0,2,1.0
1,217,0,3,1.0
1,217,0,4,1.0
1,217,0,5,1.0
1,217,0,6,1.0
1,217,0,7,1.0
1,217,0,8,1.0
1,217,0,9,1.0
1,217,0,10,1.0
1,217,0,11,1.0
1,217,0,12,1.0
1,217,0,13,1.0
1,217,0,14,1.0
1,217,0,15,1.0
1,217,0,16,1.0
1,217,0,17,1.0
1,217,0,18,1.0
1,217,0,19,1.0
1,217,0,20,1.0
1,221,0,1,4.0
1,221,0,2,4.0
1,221,0,3,4.0
1,221,0,4,4.0
1,221,0,5,4.0
1,221,0,6,4.0
1,221,0,7,4.0
1,221,0,8,4.0
1,221,0,9,4.0
1,221,0,10,4.0
1,221,0,11,4.0
1,221,0,12,4.0
1,221,0,13,4.0
1,221,0,14,4.0
1,221,0,15,4.0
1,221,0,16,4.0
1,221,0,17,4.0
1,221,0,18,4.0
1,221,0,19,4.0
1,221,0,20,4.0
1,235,0,1,1.0
1,235,0,2,1.0
1,235,0,3,1.0
1,235,0,4,1.0
1,235,0,5,1.0
1,235,0,6,1.0
1,235,0,7,1.0
1,235,0,8,1.0
1,235,0,9,1.0
1,235,0,10,1.0
1,235,0,11,1.0
1,235,0,12,1.0
1,235,0,13,1.0
1,235,0,14,1.0
1,235,0,15,1.0
1,235,0,16,1.0
1,235,0,17,1.0
1,235,0,18,1.0
1,235,0,19,1.0
1,235,0,20,1.0
1,240,0,1,1.0
1,240,0,2,1.0
1,240,0,3,1.0
1,240,0,4,1.0
1,240,0,5,1.0
1,240,0,6,1.0
1,240,0,7,1.0
1,240,0,8,1.0
1,240,0,9,1.0
1,240,0,10,1.0
1,240,0,11,1.0
1,240,0,12,1.0
1,240,0,13,1.0
1,240,0,14,1.0
1,240,0,15,1.0
1,240,0,16,1.0
1,240,0,17,1.0
1,240,0,18,1.0
1,240,0,19,1.0
1,240,0,20,1.0
1,245,0,1,1.0
1,245,0,2,1.0
1,245,0,3,1.0
1,245,0,4,1.0
1,245,0,5,1.0
1,245,0,6,1.0
1,245,0,7,1.0
1,245,0,8,1.0
1,245,0,9,1.0
1,245,0,10,1.0
1,245,0,11,1.0
1,245,0,12,1.0
1,245,0,13,1.0
1,245,0,14,1.0
1,245,0,15,1.0
1,245,0,16,1.0
1,245,0,17,1.0
1,245,0,18,1.0
1,245,0,19,1.0
1,245,0,20,1.0
1,261,0,1,1.0
1,261,0,2,1.0
1,261,0,3,1.0
1,261,0,4,1.0
1,261,0,5,1.0
1,261,0,6,1.0
1,261,0,7,1.0
1,261,0,8,1.0
1,261,0,9,1.0
1,261,0,10,1.0
1,261,0,11,1.0
1,261,0,12,1.0
1,261,0,13,1.0
1,261,0,14,1.0
1,261,0,15,1.0
1,261,0,16,1.0
1,261,0,17,1.0
1,261,0,18,1.0
1,261,0,19,1.0
1,261,0,20,1.0
1,271,0,1,1.0
1,271,0,2,1.0
1,271,0,3,1.0
1,271,0,4,1.0
1,271,0,5,1.0
1,271,0,6,1.0
1,271,0,7,1.0
1,271,0,8,1.0
1,271,0,9,1.0
1,271,0,10,1.0
1,271,0,11,1.0
1,271,0,12,1.0
1,271,0,13,1.0
1,271,0,14,1.0
1,271,0,15,1.0
1,271,0,16,1.0
1,271,0,17,1.0
1,271,0,18,1.0
1,271,0,19,1.0
1,271,0,20,1.0
1,316,0,1,1.0
1,316,0,2,1.0
1,316,0,3,1.0
1,316,0,4,1.0
1,316,0,5,1.0
1,316,0,6,1.0
1,316,0,7,1.0
1,316,0,8,1.0
1,316,0,9,1.0
1,316,0,10,1.0
1,316,0,11,1.0
1,316,0,12,1.0
1,316,0,13,1.0
1,316,0,14,1.0
1,316,0,15,1.0
1,316,0,16,1.0
1,316,0,17,1.0
1,316,0,18,1.0
1,316,0,19,1.0
1,316,0,20,1.0
1,322,0,1,1.0
1,322,0,2,1.0
1,322,0,3,1.0
1,322,0,4,1.0
1,322,0,5,1.0
1,322,0,6,1.0
1,322,0,7,1.0
1,322,0,8,1.0
1,322,0,9,1.0
1,322,0,10,1.0
1,322,0,11,1.0
1,322,0,12,1.0
1,322,0,13,1.0
1,322,0,14,1.0
1,322,0,15,1.0
1,322,0,16,1.0
1,322,0,17,1.0
1,322,0,18,1.0
1,322,0,19,1.0
1,322,0,20,1.0
1,330,0,1,1.0
1,330,0,2,1.0
1,330,0,3,1.0
1,330,0,4,1.0
1,330,0,5,1.0
1,330,0,6,1.0
1,330,0,7,1.0
1,330,0,8,1.0
1,330,0,9,1.0
1,330,0,10,1.0
1,330,0,11,1.0
1,330,0,12,1.0
1,330,0,13,1.0
1,330,0,14,1.0
1,330,0,15,1.0
1,330,0,16,1.0
1,330,0,17,1.0
1,330,0,18,1.0
1,330,0,19,1.0
1,330,0,20,1.0
1,336,0,1,4.0
1,336,0,2,4.0
1,336,0,3,4.0
1,336,0,4,4.0
1,336,0,5,4.0
1,336,0,6,4.0
1,336,0,7,4.0
1,336,0,8,4.0
1,336,0,9,4.0
1,336,0,10,4.0
1,336,0,11,4.0
1,336,0,12,4.0
1,336,0,13,4.0
1,336,0,14,4.0
1,336,0,15,4.0
1,336,0,16,4.0
1,336,0,17,4.0
1,336,0,18,4.0
1,336,0,19,4.0
1,336,0,20,4.0
1,361,0,1,1.0
1,361,0,2,1.0
1,361,0,3,1.0
1,361,0,4,1.0
1,361,0,5,1.0
1,361,0,6,1.0
1,361,0,7,1.0
1,361,0,8,1.0
1,361,0,9,1.0
1,361,0,10,1.0
1,361,0,11,1.0
1,361,0,12,1.0
1,361,0,13,1.0
1,361,0,14,1.0
1,361,0,15,1.0
1,361,0,16,1.0
1,361,0,17,1.0
1,361,0,18,1.0
1,361,0,19,1.0
1,361,0,20,1.0
1,430,0,1,1.0
1,430,0,2,1.0
1,430,0,3,1.0
1,430,0,4,1.0
1,430,0,5,1.0
1,430,0,6,1.0
1,430,0,7,1.0
1,430,0,8,1.0
1,430,0,9,1.0
1,430,0,10,1.0
1,430,0,11,1.0
1,430,0,12,1.0
1,430,0,13,1.0
1,430,0,14,1.0
1,430,0,15,1.0
1,430,0,16,1.0
1,430,0,17,1.0
1,430,0,18,1.0
1,430,0,19,1.0
1,430,0,20,1.0
1,446,0,1,1.0
1,446,0,2,1.0
1,446,0,3,1.0
1,446,0,4,1.0
1,446,0,5,1.0
1,446,0,6,1.0
1,446,0,7,1.0
1,446,0,8,1.0
1,446,0,9,1.0
1,446,0,10,1.0
1,446,0,11,1.0
1,446,0,12,1.0
1,446,0,13,1.0
1,446,0,14,1.0
1,446,0,15,1.0
1,446,0,16,1.0
1,446,0,17,1.0
1,446,0,18,1.0
1,446,0,19,1.0
1,446,0,20,1.0
1,463,0,1,1.0
1,463,0,2,1.0
1,463,0,3,1.0
1,463,0,4,1.0
1,463,0,5,1.0
1,463,0,6,1.0
1,463,0,7,1.0
1,463,0,8,1.0
1,463,0,9,1.0
1,463,0,10,1.0
1,463,0,11,1.0
1,463,0,12,1.0
1,463,0,13,1.0
1,463,0,14,1.0
1,463,0,15,1.0
1,463,0,16,1.0
1,463,0,17,1.0
1,463,0,18,1.0
1,463,0,19,1.0
1,463,0,20,1.0
1,470,0,1,1.0
1,470,0,2,1.0
1,470,0,3,1.0
1,470,0,4,1.0
1,470,0,5,1.0
1,470,0,6,1.0
1,470,0,7,1.0
1,470,0,8,1.0
1,470,0,9,1.0
1,470,0,10,1.0
1,470,0,11,1.0
1,470,0,12,1.0
1,470,0,13,1.0
1,470,0,14,1.0
1,470,0,15,1.0
1,470,0,16,1.0
1,470,0,17,1.0
1,470,0,18,1.0
1,470,0,19,1.0
1,470,0,20,1.0
1,479,0,1,4.0
1,479,0,2,4.0
1,479,0,3,4.0
1,479,0,4,4.0
1,479,0,5,4.0
1,479,0,6,4.0
1,479,0,7,4.0
1,479,0,8,4.0
1,479,0,9,4.0
1,479,0,10,4.0
1,479,0,11,4.0
1,479,0,12,4.0
1,479,0,13,4.0
1,479,0,14,4.0
1,479,0,15,4.0
1,479,0,16,4.0
1,479,0,17,4.0
1,479,0,18,4.0
1,479,0,19,4.0
1,479,0,20,4.0
1,483,0,1,1.0
1,483,0,2,1.0
1,483,0,3,1.0
1,483,0,4,1.0
1,483,0,5,1.0
1,483,0,6,1.0
1,483,0,7,1.0
1,483,0,8,1.0
1,483,0,9,1.0
1,483,0,10,1.0
1,483,0,11,1.0
1,483,0,12,1.0
1,483,0,13,1.0
1,483,0,14,1.0
1,483,0,15,1.0
1,483,0,16,1.0
1,483,0,17,1.0
1,483,0,18,1.0
1,483,0,19,1.0
1,483,0,20,1.0
1,515,0,1,3.0
1,515,0,2,3.0
1,515,0,3,3.0
1,515,0,4,3.0
1,515,0,5,3.0
1,515,0,6,3.0
1,515,0,7,3.0
1,515,0,8,3.0
1,515,0,9,3.0
1,515,0,10,3.0
1,515,0,11,3.0
1,515,0,12,3.0
1,515,0,13,3.0
1,515,0,14,3.0
1,515,0,15,3.0
1,515,0,16,3.0
1,515,0,17,3.0
1,515,0,18,3.0
1,515,0,19,3.0
1,515,0,20,3.0
1,537,0,1,1.0
1,537,0,2,1.0
1,537,0,3,1.0
1,537,0,4,1.0
1,537,0,5,1.0
1,537,0,6,1.0
1,537,0,7,1.0
1,537,0,8,1.0
1,537,0,9,1.0
1,537,0,10,1.0
1,537,0,11,1.0
1,537,0,12,1.0
1,537,0,13,1.0
1,537,0,14,1.0
1,537,0,15,1.0
1,537,0,16,1.0
1,537,0,17,1.0
1,537,0,18,1.0
1,537,0,19,1.0
1,537,0,20,1.0
1,538,0,1,1.0
1,538,0,2,1.0
1,538,0,3,1.0
1,538,0,4,1.0
1,538,0,5,1.0
1,538,0,6,1.0
1,538,0,7,1.0
1,538,0,8,1.0
1,538,0,9,1.0
1,538,0,10,1.0
1,538,0,11,1.0
1,538,0,12,1.0
1,538,0,13,1.0
1,538,0,14,1.0
1,538,0,15,1.0
1,538,0,16,1.0
1,538,0,17,1.0
1,538,0,18,1.0
1,538,0,19,1.0
1,538,0,20,1.0
1,539,0,1,1.0
1,539,0,2,1.0
1,539,0,3,1.0
1,539,0,4,1.0
1,539,0,5,1.0
1,539,0,6,1.0
1,539,0,7,1.0
1,539,0,8,1.0
1,539,0,9,1.0
1,539,0,10,1.0
1,539,0,11,1.0
1,539,0,12,1.0
1,539,0,13,1.0
1,539,0,14,1.0
1,539,0,15,1.0
1,539,0,16,1.0
1,539,0,17,1.0
1,539,0,18,1.0
1,539,0,19,1.0
1,539,0,20,1.0
1,541,0,1,1.0
1,541,0,2,1.0
1,541,0,3,1.0
1,541,0,4,1.0
1,541,0,5,1.0
1,541,0,6,1.0
1,541,0,7,1.0
1,541,0,8,1.0
1,541,0,9,1.0
1,541,0,10,1.0
1,541,0,11,1.0
1,541,0,12,1.0
1,541,0,13,1.0
1,541,0,14,1.0
1,541,0,15,1.0
1,541,0,16,1.0
1,541,0,17,1.0
1,541,0,18,1.0
1,541,0,19,1.0
1,541,0,20,1.0
1,546,0,1,1.0
1,546,0,2,1.0
1,546,0,3,1.0
1,546,0,4,1.0
1,546,0,5,1.0
1,546,0,6,1.0
1,546,0,7,1.0
1,546,0,8,1.0
1,546,0,9,1.0
1,546,0,10,1.0
1,546,0,11,1.0
1,546,0,12,1.0
1,546,0,13,1.0
1,546,0,14,1.0
1,546,0,15,1.0
1,546,0,16,1.0
1,546,0,17,1.0
1,546,0,18,1.0
1,546,0,19,1.0
1,546,0,20,1.0
1,550,0,1,1.0
1,550,0,2,1.0
1,550,0,3,1.0
1,550,0,4,1.0
1,550,0,5,1.0
1,550,0,6,1.0
1,550,0,7,1.0
1,550,0,8,1.0
1,550,0,9,1.0
1,550,0,10,1.0
1,550,0,11,1.0
1,550,0,12,1.0
1,550,0,13,1.0
1,550,0,14,1.0
1,550,0,15,1.0
1,550,0,16,1.0
1,550,0,17,1.0
1,550,0,18,1.0
1,550,0,19,1.0
1,550,0,20,1.0
1,552,0,1,1.0
1,552,0,2,1.0
1,552,0,3,1.0
1,552,0,4,1.0
1,552,0,5,1.0
1,552,0,6,1.0
1,552,0,7,1.0
1,552,0,8,1.0
1,552,0,9,1.0
1,552,0,10,1.0
1,552,0,11,1.0
1,552,0,12,1.0
1,552,0,13,1.0
1,552,0,14,1.0
1,552,0,15,1.0
1,552,0,16,1.0
1,552,0,17,1.0
1,552,0,18,1.0
1,552,0,19,1.0
1,552,0,20,1.0
1,555,0,1,1.0
1,555,0,2,1.0
1,555,0,3,1.0
1,555,0,4,1.0
1,555,0,5,1.0
1,555,0,6,1.0
1,555,0,7,1.0
1,555,0,8,1.0
1,555,0,9,1.0
1,555,0,10,1.0
1,555,0,11,1.0
1,555,0,12,1.0
1,555,0,13,1.0
1,555,0,14,1.0
1,555,0,15,1.0
1,555,0,16,1.0
1,555,0,17,1.0
1,555,0,18,1.0
1,555,0,19,1.0
1,555,0,20,1.0
1,562,0,1,4.0
1,562,0,2,4.0
1,562,0,3,4.0
1,562,0,4,4.0
1,562,0,5,4.0
1,562,0,6,4.0
1,562,0,7,4.0
1,562,0,8,4.0
1,562,0,9,4.0
1,562,0,10,4.0
1,562,0,11,4.0
1,562,0,12,4.0
1,562,0,13,4.0
1,562,0,14,4.0
1,562,0,15,4.0
1,562,0,16,4.0
1,562,0,17,4.0
1,562,0,18,4.0
1,562,0,19,4.0
1,562,0,20,4.0
1,573,0,1,4.0
1,573,0,2,4.0
1,573,0,3,4.0
1,573,0,4,4.0
1,573,0,5,4.0
1,573,0,6,4.0
1,573,0,7,4.0
1,573,0,8,4.0
1,573,0,9,4.0
1,573,0,10,4.0
1,573,0,11,4.0
1,573,0,12,4.0
1,573,0,13,4.0
1,573,0,14,4.0
1,573,0,15,4.0
1,573,0,16,4.0
1,573,0,17,4.0
1,573,0,18,4.0
1,573,0,19,4.0
1,573,0,20,4.0
1,586,0,1,1.0
1,586,0,2,1.0
1,586,0,3,1.0
1,586,0,4,1.0
1,586,0,5,1.0
1,586,0,6,1.0
1,586,0,7,1.0
1,586,0,8,1.0
1,586,0,9,1.0
1,586,0,10,1.0
1,586,0,11,1.0
1,586,0,12,1.0
1,586,0,13,1.0
1,586,0,14,1.0
1,586,0,15,1.0
1,586,0,16,1.0
1,586,0,17,1.0
1,586,0,18,1.0
1,586,0,19,1.0
1,586,0,20,1.0
1,602,0,1,1.0
1,602,0,2,1.0
1,602,0,3,1.0
1,602,0,4,1.0
1,602,0,5,1.0
1,602,0,6,1.0
1,602,0,7,1.0
1,602,0,8,1.0
1,602,0,9,1.0
1,602,0,10,1.0
1,602,0,11,1.0
1,602,0,12,1.0
1,602,0,13,1.0
1,602,0,14,1.0
1,602,0,15,1.0
1,602,0,16,1.0
1,602,0,17,1.0
1,602,0,18,1.0
1,602,0,19,1.0
1,602,0,20,1.0
1,605,0,1,1.0
1,605,0,2,1.0
1,605,0,3,1.0
1,605,0,4,1.0
1,605,0,5,1.0
1,605,0,6,1.0
1,605,0,7,1.0
1,605,0,8,1.0
1,605,0,9,1.0
1,605,0,10,1.0
1,605,0,11,1.0
1,605,0,12,1.0
1,605,0,13,1.0
1,605,0,14,1.0
1,605,0,15,1.0
1,605,0,16,1.0
1,605,0,17,1.0
1,605,0,18,1.0
1,605,0,19,1.0
1,605,0,20,1.0
1,606,0,1,1.0
1,606,0,2,1.0
1,606,0,3,1.0
1,606,0,4,1.0
1,606,0,5,1.0
1,606,0,6,1.0
1,606,0,7,1.0
1,606,0,8,1.0
1,606,0,9,1.0
1,606,0,10,1.0
1,606,0,11,1.0
1,606,0,12,1.0
1,606,0,13,1.0
1,606,0,14,1.0
1,606,0,15,1.0
1,606,0,16,1.0
1,606,0,17,1.0
1,606,0,18,1.0
1,606,0,19,1.0
1,606,0,20,1.0
1,607,0,1,1.0
1,607,0,2,1.0
1,607,0,3,1.0
1,607,0,4,1.0
1,607,0,5,1.0
1,607,0,6,1.0
1,607,0,7,1.0
1,607,0,8,1.0
1,607,0,9,1.0
1,607,0,10,1.0
1,607,0,11,1.0
1,607,0,12,1.0
1,607,0,13,1.0
1,607,0,14,1.0
1,607,0,15,1.0
1,607,0,16,1.0
1,607,0,17,1.0
1,607,0,18,1.0
1,607,0,19,1.0
1,607,0,20,1.0
1,623,0,1,1.0
1,623,0,2,1.0
1,623,0,3,1.0
1,623,0,4,1.0
1,623,0,5,1.0
1,623,0,6,1.0
1,623,0,7,1.0
1,623,0,8,1.0
1,623,0,9,1.0
1,623,0,10,1.0
1,623,0,11,1.0
1,623,0,12,1.0
1,623,0,13,1.0
1,623,0,14,1.0
1,623,0,15,1.0
1,623,0,16,1.0
1,623,0,17,1.0
1,623,0,18,1.0
1,623,0,19,1.0
1,623,0,20,1.0
1,632,0,1,1.0
1,632,0,2,1.0
1,632,0,3,1.0
1,632,0,4,1.0
1,632,0,5,1.0
1,632,0,6,1.0
1,632,0,7,1.0
1,632,0,8,1.0
1,632,0,9,1.0
1,632,0,10,1.0
1,632,0,11,1.0
1,632,0,12,1.0
1,632,0,13,1.0
1,632,0,14,1.0
1,632,0,15,1.0
1,632,0,16,1.0
1,632,0,17,1.0
1,632,0,18,1.0
1,632,0,19,1.0
1,632,0,20,1.0
1,659,0,1,1.0
1,659,0,2,1.0
1,659,0,3,1.0
1,659,0,4,1.0
1,659,0,5,1.0
1,659,0,6,1.0
1,659,0,7,1.0
1,659,0,8,1.0
1,659,0,9,1.0
1,659,0,10,1.0
1,659,0,11,1.0
1,659,0,12,1.0
1,659,0,13,1.0
1,659,0,14,1.0
1,659,0,15,1.0
1,659,0,16,1.0
1,659,0,17,1.0
1,659,0,18,1.0
1,659,0,19,1.0
1,659,0,20,1.0
1,661,0,1,1.0
1,661,0,2,1.0
1,661,0,3,1.0
1,661,0,4,1.0
1,661,0,5,1.0
1,661,0,6,1.0
1,661,0,7,1.0
1,661,0,8,1.0
1,661,0,9,1.0
1,661,0,10,1.0
1,661,0,11,1.0
1,661,0,12,1.0
1,661,0,13,1.0
1,661,0,14,1.0
1,661,0,15,1.0
1,661,0,16,1.0
1,661,0,17,1.0
1,661,0,18,1.0
1,661,0,19,1.0
1,661,0,20,1.0
1,665,0,1,1.0
1,665,0,2,1.0
1,665,0,3,1.0
1,665,0,4,1.0
1,665,0,5,1.0
1,665,0,6,1.0
1,665,0,7,1.0
1,665,0,8,1.0
1,665,0,9,1.0
1,665,0,10,1.0
1,665,0,11,1.0
1,665,0,12,1.0
1,665,0,13,1.0
1,665,0,14,1.0
1,665,0,15,1.0
1,665,0,16,1.0
1,665,0,17,1.0
1,665,0,18,1.0
1,665,0,19,1.0
1,665,0,20,1.0
1,678,0,1,3.0
1,678,0,2,3.0
1,678,0,3,3.0
1,678,0,4,3.0
1,678,0,5,3.0
1,678,0,6,3.0
1,678,0,7,3.0
1,678,0,8,3.0
1,678,0,9,3.0
1,678,0,10,3.0
1,678,0,11,3.0
1,678,0,12,3.0
1,678,0,13,3.0
1,678,0,14,3.0
1,678,0,15,3.0
1,678,0,16,3.0
1,678,0,17,3.0
1,678,0,18,3.0
1,678,0,19,3.0
1,678,0,20,3.0
1,682,0,1,1.0
1,682,0,2,1.0
1,682,0,3,1.0
1,682,0,4,1.0
1,682,0,5,1.0
1,682,0,6,1.0
1,682,0,7,1.0
1,682,0,8,1.0
1,682,0,9,1.0
1,682,0,10,1.0
1,682,0,11,1.0
1,682,0,12,1.0
1,682,0,13,1.0
1,682,0,14,1.0
1,682,0,15,1.0
1,682,0,16,1.0
1,682,0,17,1.0
1,682,0,18,1.0
1,682,0,19,1.0
1,682,0,20,1.0
1,685,0,1,1.0
1,685,0,2,1.0
1,685,0,3,1.0
1,685,0,4,1.0
1,685,0,5,1.0
1,685,0,6,1.0
1,685,0,7,1.0
1,685,0,8,1.0
1,685,0,9,1.0
1,685,0,10,1.0
1,685,0,11,1.0
1,685,0,12,1.0
1,685,0,13,1.0
1,685,0,14,1.0
1,685,0,15,1.0
1,685,0,16,1.0
1,685,0,17,1.0
1,685,0,18,1.0
1,685,0,19,1.0
1,685,0,20,1.0
1,687,0,1,1.0
1,687,0,2,1.0
1,687,0,3,1.0
1,687,0,4,1.0
1,687,0,5,1.0
1,687,0,6,1.0
1,687,0,7,1.0
1,687,0,8,1.0
1,687,0,9,1.0
1,687,0,10,1.0
1,687,0,11,1.0
1,687,0,12,1.0
1,687,0,13,1.0
1,687,0,14,1.0
1,687,0,15,1.0
1,687,0,16,1.0
1,687,0,17,1.0
1,687,0,18,1.0
1,687,0,19,1.0
1,687,0,20,1.0
1,691,0,1,1.0
1,691,0,2,1.0
1,691,0,3,1.0
1,691,0,4,1.0
1,691,0,5,1.0
1,691,0,6,1.0
1,691,0,7,1.0
1,691,0,8,1.0
1,691,0,9,1.0
1,691,0,10,1.0
1,691,0,11,1.0
1,691,0,12,1.0
1,691,0,13,1.0
1,691,0,14,1.0
1,691,0,15,1.0
1,691,0,16,1.0
1,691,0,17,1.0
1,691,0,18,1.0
1,691,0,19,1.0
1,691,0,20,1.0
1,696,0,1,1.0
1,696,0,2,1.0
1,696,0,3,1.0
1,696,0,4,1.0
1,696,0,5,1.0
1,696,0,6,1.0
1,696,0,7,1.0
1,696,0,8,1.0
1,696,0,9,1.0
1,696,0,10,1.0
1,696,0,11,1.0
1,696,0,12,1.0
1,696,0,13,1.0
1,696,0,14,1.0
1,696,0,15,1.0
1,696,0,16,1.0
1,696,0,17,1.0
1,696,0,18,1.0
1,696,0,19,1.0
1,696,0,20,1.0
1,706,0,1,1.0
1,706,0,2,1.0
1,706,0,3,1.0
1,706,0,4,1.0
1,706,0,5,1.0
1,706,0,6,1.0
1,706,0,7,1.0
1,706,0,8,1.0
1,706,0,9,1.0
1,706,0,10,1.0
1,706,0,11,1.0
1,706,0,12,1.0
1,706,0,13,1.0
1,706,0,14,1.0
1,706,0,15,1.0
1,706,0,16,1.0
1,706,0,17,1.0
1,706,0,18,1.0
1,706,0,19,1.0
1,706,0,20,1.0
1,716,0,1,1.0
1,716,0,2,1.0
1,716,0,3,1.0
1,716,0,4,1.0
1,716,0,5,1.0
1,716,0,6,1.0
1,716,0,7,1.0
1,716,0,8,1.0
1,716,0,9,1.0
1,716,0,10,1.0
1,716,0,11,1.0
1,716,0,12,1.0
1,716,0,13,1.0
1,716,0,14,1.0
1,716,0,15,1.0
1,716,0,16,1.0
1,716,0,17,1.0
1,716,0,18,1.0
1,716,0,19,1.0
1,716,0,20,1.0
1,717,0,1,1.0
1,717,0,2,1.0
1,717,0,3,1.0
1,717,0,4,1.0
1,717,0,5,1.0
1,717,0,6,1.0
1,717,0,7,1.0
1,717,0,8,1.0
1,717,0,9,1.0
1,717,0,10,1.0
1,717,0,11,1.0
1,717,0,12,1.0
1,717,0,13,1.0
1,717,0,14,1.0
1,717,0,15,1.0
1,717,0,16,1.0
1,717,0,17,1.0
1,717,0,18,1.0
1,717,0,19,1.0
1,717,0,20,1.0
1,718,0,1,1.0
1,718,0,2,1.0
1,718,0,3,1.0
1,718,0,4,1.0
1,718,0,5,1.0
1,718,0,6,1.0
1,718,0,7,1.0
1,718,0,8,1.0
1,718,0,9,1.0
1,718,0,10,1.0
1,718,0,11,1.0
1,718,0,12,1.0
1,718,0,13,1.0
1,718,0,14,1.0
1,718,0,15,1.0
1,718,0,16,1.0
1,718,0,17,1.0
1,718,0,18,1.0
1,718,0,19,1.0
1,718,0,20,1.0
1,741,0,1,1.0
1,741,0,2,1.0
1,741,0,3,1.0
1,741,0,4,1.0
1,741,0,5,1.0
1,741,0,6,1.0
1,741,0,7,1.0
1,741,0,8,1.0
1,741,0,9,1.0
1,741,0,10,1.0
1,741,0,11,1.0
1,741,0,12,1.0
1,741,0,13,1.0
1,741,0,14,1.0
1,741,0,15,1.0
1,741,0,16,1.0
1,741,0,17,1.0
1,741,0,18,1.0
1,741,0,19,1.0
1,741,0,20,1.0
2,28,2,21,1.0
2,28,2,19,1.0
2,28,2,7,1.0
2,28,2,2,1.0
3,5,2,15,1.0
3,5,2,7,1.0
3,5,2,17,1.0
3,5,2,10,1.0
3,6,2,15,1.0
3,6,2,7,1.0
3,6,2,17,1.0
3,6,2,10,1.0
3,7,2,15,1.0
3,7,2,7,1.0
3,7,2,17,1.0
3,7,2,10,1.0
3,12,2,15,1.0
3,12,2,7,1.0
3,12,2,17,1.0
3,12,2,10,1.0
3,14,2,15,1.0
3,14,2,7,1.0
3,14,2,17,1.0
3,14,2,10,1.0
3,18,2,15,1.0
3,18,2,7,1.0
3,18,2,17,1.0
3,18,2,10,1.0
3,19,2,15,1.0
3,19,2,7,1.0
3,19,2,17,1.0
3,19,2,10,1.0
3,20,2,15,4.0
3,20,2,7,4.0
3,20,2,17,4.0
3,20,2,10,4.0
3,22,2,15,1.0
3,22,2,7,1.0
3,22,2,17,1.0
3,22,2,10,1.0
3,41,2,15,1.0
3,41,2,7,1.0
3,41,2,17,1.0
3,41,2,10,1.0
3,45,2,15,1.0
3,45,2,7,1.0
3,45,2,17,1.0
3,45,2,10,1.0
3,46,2,15,3.0
3,46,2,7,3.0
3,46,2,17,3.0
3,46,2,10,3.0
3,48,2,15,1.0
3,48,2,7,1.0
3,48,2,17,1.0
3,48,2,10,1.0
3,49,2,15,1.0
3,49,2,7,1.0
3,49,2,17,1.0
3,49,2,10,1.0
3,50,2,15,1.0
3,50,2,7,1.0
3,50,2,17,1.0
3,50,2,10,1.0
3,51,2,15,1.0
3,51,2,7,1.0
3,51,2,17,1.0
3,51,2,10,1.0
3,53,2,15,1.0
3,53,2,7,1.0
3,53,2,17,1.0
3,53,2,10,1.0
3,61,2,15,1.0
3,61,2,7,1.0
3,61,2,17,1.0
3,61,2,10,1.0
3,62,2,15,1.0
3,62,2,7,1.0
3,62,2,17,1.0
3,62,2,10,1.0
3,63,2,15,1.0
3,63,2,7,1.0
3,63,2,17,1.0
3,63,2,10,1.0
3,68,2,15,1.0
3,68,2,7,1.0
3,68,2,17,1.0
3,68,2,10,1.0
3,73,2,15,1.0
3,73,2,7,1.0
3,73,2,17,1.0
3,73,2,10,1.0
3,74,2,15,1.0
3,74,2,7,1.0
3,74,2,17,1.0
3,74,2,10,1.0
3,77,2,15,1.0
3,77,2,7,1.0
3,77,2,17,1.0
3,77,2,10,1.0
3,78,2,15,1.0
3,78,2,7,1.0
3,78,2,17,1.0
3,78,2,10,1.0
3,80,2,15,1.0
3,80,2,7,1.0
3,80,2,17,1.0
3,80,2,10,1.0
3,82,2,15,1.0
3,82,2,7,1.0
3,82,2,17,1.0
3,82,2,10,1.0
3,84,2,15,1.0
3,84,2,7,1.0
3,84,2,17,1.0
3,84,2,10,1.0
3,85,2,15,1.0
3,85,2,7,1.0
3,85,2,17,1.0
3,85,2,10,1.0
3,86,2,15,1.0
3,86,2,7,1.0
3,86,2,17,1.0
3,86,2,10,1.0
3,89,2,15,1.0
3,89,2,7,1.0
3,89,2,17,1.0
3,89,2,10,1.0
3,90,2,15,1.0
3,90,2,7,1.0
3,90,2,17,1.0
3,90,2,10,1.0
3,91,2,15,1.0
3,91,2,7,1.0
3,91,2,17,1.0
3,91,2,10,1.0
3,93,2,15,1.0
3,93,2,7,1.0
3,93,2,17,1.0
3,93,2,10,1.0
3,96,2,15,1.0
3,96,2,7,1.0
3,96,2,17,1.0
3,96,2,10,1.0
3,100,2,15,1.0
3,100,2,7,1.0
3,100,2,17,1.0
3,100,2,10,1.0
3,113,2,15,1.0
3,113,2,7,1.0
3,113,2,17,1.0
3,113,2,10,1.0
3,120,2,15,1.0
3,120,2,7,1.0
3,120,2,17,1.0
3,120,2,10,1.0
3,124,2,15,1.0
3,124,2,7,1.0
3,124,2,17,1.0
3,124,2,10,1.0
3,125,2,15,1.0
3,125,2,7,1.0
3,125,2,17,1.0
3,125,2,10,1.0
3,129,2,15,1.0
3,129,2,7,1.0
3,129,2,17,1.0
3,129,2,10,1.0
3,131,2,15,3.0
3,131,2,7,3.0
3,131,2,17,3.0
3,131,2,10,3.0
3,138,2,15,1.0
3,138,2,7,1.0
3,138,2,17,1.0
3,138,2,10,1.0
3,139,2,15,1.0
3,139,2,7,1.0
3,139,2,17,1.0
3,139,2,10,1.0
3,141,2,15,1.0
3,141,2,7,1.0
3,141,2,17,1.0
3,141,2,10,1.0
3,152,2,15,1.0
3,152,2,7,1.0
3,152,2,17,1.0
3,152,2,10,1.0
3,155,2,15,1.0
3,155,2,7,1.0
3,155,2,17,1.0
3,155,2,10,1.0
3,159,2,15,1.0
3,159,2,7,1.0
3,159,2,17,1.0
3,159,2,10,1.0
3,160,2,15,1.0
3,160,2,7,1.0
3,160,2,17,1.0
3,160,2,10,1.0
3,161,2,15,1.0
3,161,2,7,1.0
3,161,2,17,1.0
3,161,2,10,1.0
3,162,2,15,1.0
3,162,2,7,1.0
3,162,2,17,1.0
3,162,2,10,1.0
3,163,2,15,1.0
3,163,2,7,1.0
3,163,2,17,1.0
3,163,2,10,1.0
3,166,2,15,1.0
3,166,2,7,1.0
3,166,2,17,1.0
3,166,2,10,1.0
3,169,2,15,1.0
3,169,2,7,1.0
3,169,2,17,1.0
3,169,2,10,1.0
3,171,2,15,1.0
3,171,2,7,1.0
3,171,2,17,1.0
3,171,2,10,1.0
3,176,2,15,1.0
3,176,2,7,1.0
3,176,2,17,1.0
3,176,2,10,1.0
3,180,2,15,1.0
3,180,2,7,1.0
3,180,2,17,1.0
3,180,2,10,1.0
3,186,2,15,1.0
3,186,2,7,1.0
3,186,2,17,1.0
3,186,2,10,1.0
3,188,2,15,4.0
3,188,2,7,4.0
3,188,2,17,4.0
3,188,2,10,4.0
3,189,2,15,1.0
3,189,2,7,1.0
3,189,2,17,1.0
3,189,2,10,1.0
3,191,2,15,1.0
3,191,2,7,1.0
3,191,2,17,1.0
3,191,2,10,1.0
3,194,2,15,1.0
3,194,2,7,1.0
3,194,2,17,1.0
3,194,2,10,1.0
3,195,2,15,1.0
3,195,2,7,1.0
3,195,2,17,1.0
3,195,2,10,1.0
3,199,2,15,1.0
3,199,2,7,1.0
3,199,2,17,1.0
3,199,2,10,1.0
3,203,2,15,1.0
3,203,2,7,1.0
3,203,2,17,1.0
3,203,2,10,1.0
3,204,2,15,1.0
3,204,2,7,1.0
3,204,2,17,1.0
3,204,2,10,1.0
3,205,2,15,1.0
3,205,2,7,1.0
3,205,2,17,1.0
3,205,2,10,1.0
3,206,2,15,1.0
3,206,2,7,1.0
3,206,2,17,1.0
3,206,2,10,1.0
3,207,2,15,1.0
3,207,2,7,1.0
3,207,2,17,1.0
3,207,2,10,1.0
3,211,2,15,1.0
3,211,2,7,1.0
3,211,2,17,1.0
3,211,2,10,1.0
3,215,2,15,1.0
3,215,2,7,1.0
3,215,2,17,1.0
3,215,2,10,1.0
3,218,2,15,1.0
3,218,2,7,1.0
3,218,2,17,1.0
3,218,2,10,1.0
3,219,2,15,1.0
3,219,2,7,1.0
3,219,2,17,1.0
3,219,2,10,1.0
3,220,2,15,1.0
3,220,2,7,1.0
3,220,2,17,1.0
3,220,2,10,1.0
3,223,2,15,1.0
3,223,2,7,1.0
3,223,2,17,1.0
3,223,2,10,1.0
3,225,2,15,1.0
3,225,2,7,1.0
3,225,2,17,1.0
3,225,2,10,1.0
3,226,2,15,1.0
3,226,2,7,1.0
3,226,2,17,1.0
3,226,2,10,1.0
3,227,2,15,1.0
3,227,2,7,1.0
3,227,2,17,1.0
3,227,2,10,1.0
3,231,2,15,1.0
3,231,2,7,1.0
3,231,2,17,1.0
3,231,2,10,1.0
3,232,2,15,1.0
3,232,2,7,1.0
3,232,2,17,1.0
3,232,2,10,1.0
3,233,2,15,1.0
3,233,2,7,1.0
3,233,2,17,1.0
3,233,2,10,1.0
3,235,2,15,1.0
3,235,2,7,1.0
3,235,2,17,1.0
3,235,2,10,1.0
3,237,2,15,1.0
3,237,2,7,1.0
3,237,2,17,1.0
3,237,2,10,1.0
3,238,2,15,1.0
3,238,2,7,1.0
3,238,2,17,1.0
3,238,2,10,1.0
3,239,2,15,1.0
3,239,2,7,1.0
3,239,2,17,1.0
3,239,2,10,1.0
3,242,2,15,1.0
3,242,2,7,1.0
3,242,2,17,1.0
3,242,2,10,1.0
3,243,2,15,1.0
3,243,2,7,1.0
3,243,2,17,1.0
3,243,2,10,1.0
3,247,2,15,1.0
3,247,2,7,1.0
3,247,2,17,1.0
3,247,2,10,1.0
3,248,2,15,1.0
3,248,2,7,1.0
3,248,2,17,1.0
3,248,2,10,1.0
3,249,2,15,1.0
3,249,2,7,1.0
3,249,2,17,1.0
3,249,2,10,1.0
3,253,2,15,1.0
3,253,2,7,1.0
3,253,2,17,1.0
3,253,2,10,1.0
3,256,2,15,1.0
3,256,2,7,1.0
3,256,2,17,1.0
3,256,2,10,1.0
3,258,2,15,1.0
3,258,2,7,1.0
3,258,2,17,1.0
3,258,2,10,1.0
3,259,2,15,1.0
3,259,2,7,1.0
3,259,2,17,1.0
3,259,2,10,1.0
3,262,2,15,1.0
3,262,2,7,1.0
3,262,2,17,1.0
3,262,2,10,1.0
3,264,2,15,1.0
3,264,2,7,1.0
3,264,2,17,1.0
3,264,2,10,1.0
3,273,2,15,1.0
3,273,2,7,1.0
3,273,2,17,1.0
3,273,2,10,1.0
3,274,2,15,1.0
3,274,2,7,1.0
3,274,2,17,1.0
3,274,2,10,1.0
3,284,2,15,1.0
3,284,2,7,1.0
3,284,2,17,1.0
3,284,2,10,1.0
3,285,2,15,1.0
3,285,2,7,1.0
3,285,2,17,1.0
3,285,2,10,1.0
3,290,2,15,1.0
3,290,2,7,1.0
3,290,2,17,1.0
3,290,2,10,1.0
3,291,2,15,1.0
3,291,2,7,1.0
3,291,2,17,1.0
3,291,2,10,1.0
3,293,2,15,1.0
3,293,2,7,1.0
3,293,2,17,1.0
3,293,2,10,1.0
3,294,2,15,1.0
3,294,2,7,1.0
3,294,2,17,1.0
3,294,2,10,1.0
3,297,2,15,1.0
3,297,2,7,1.0
3,297,2,17,1.0
3,297,2,10,1.0
3,301,2,15,1.0
3,301,2,7,1.0
3,301,2,17,1.0
3,301,2,10,1.0
3,305,2,15,1.0
3,305,2,7,1.0
3,305,2,17,1.0
3,305,2,10,1.0
3,306,2,15,1.0
3,306,2,7,1.0
3,306,2,17,1.0
3,306,2,10,1.0
3,307,2,15,1.0
3,307,2,7,1.0
3,307,2,17,1.0
3,307,2,10,1.0
3,308,2,15,1.0
3,308,2,7,1.0
3,308,2,17,1.0
3,308,2,10,1.0
3,309,2,15,1.0
3,309,2,7,1.0
3,309,2,17,1.0
3,309,2,10,1.0
3,311,2,15,1.0
3,311,2,7,1.0
3,311,2,17,1.0
3,311,2,10,1.0
3,312,2,15,1.0
3,312,2,7,1.0
3,312,2,17,1.0
3,312,2,10,1.0
3,314,2,15,1.0
3,314,2,7,1.0
3,314,2,17,1.0
3,314,2,10,1.0
3,317,2,15,1.0
3,317,2,7,1.0
3,317,2,17,1.0
3,317,2,10,1.0
3,319,2,15,1.0
3,319,2,7,1.0
3,319,2,17,1.0
3,319,2,10,1.0
3,324,2,15,1.0
3,324,2,7,1.0
3,324,2,17,1.0
3,324,2,10,1.0
3,325,2,15,1.0
3,325,2,7,1.0
3,325,2,17,1.0
3,325,2,10,1.0
3,328,2,15,1.0
3,328,2,7,1.0
3,328,2,17,1.0
3,328,2,10,1.0
3,329,2,15,1.0
3,329,2,7,1.0
3,329,2,17,1.0
3,329,2,10,1.0
3,332,2,15,1.0
3,332,2,7,1.0
3,332,2,17,1.0
3,332,2,10,1.0
3,334,2,15,1.0
3,334,2,7,1.0
3,334,2,17,1.0
3,334,2,10,1.0
3,337,2,15,1.0
3,337,2,7,1.0
3,337,2,17,1.0
3,337,2,10,1.0
3,338,2,15,1.0
3,338,2,7,1.0
3,338,2,17,1.0
3,338,2,10,1.0
3,339,2,15,1.0
3,339,2,7,1.0
3,339,2,17,1.0
3,339,2,10,1.0
3,342,2,15,1.0
3,342,2,7,1.0
3,342,2,17,1.0
3,342,2,10,1.0
3,347,2,15,1.0
3,347,2,7,1.0
3,347,2,17,1.0
3,347,2,10,1.0
3,357,2,15,1.0
3,357,2,7,1.0
3,357,2,17,1.0
3,357,2,10,1.0
3,363,2,15,1.0
3,363,2,7,1.0
3,363,2,17,1.0
3,363,2,10,1.0
3,366,2,15,1.0
3,366,2,7,1.0
3,366,2,17,1.0
3,366,2,10,1.0
3,367,2,15,1.0
3,367,2,7,1.0
3,367,2,17,1.0
3,367,2,10,1.0
3,369,2,15,1.0
3,369,2,7,1.0
3,369,2,17,1.0
3,369,2,10,1.0
3,372,2,15,1.0
3,372,2,7,1.0
3,372,2,17,1.0
3,372,2,10,1.0
3,374,2,15,1.0
3,374,2,7,1.0
3,374,2,17,1.0
3,374,2,10,1.0
3,377,2,15,1.0
3,377,2,7,1.0
3,377,2,17,1.0
3,377,2,10,1.0
3,379,2,15,1.0
3,379,2,7,1.0
3,379,2,17,1.0
3,379,2,10,1.0
3,381,2,15,1.0
3,381,2,7,1.0
3,381,2,17,1.0
3,381,2,10,1.0
3,384,2,15,1.0
3,384,2,7,1.0
3,384,2,17,1.0
3,384,2,10,1.0
3,388,2,15,1.0
3,388,2,7,1.0
3,388,2,17,1.0
3,388,2,10,1.0
3,390,2,15,1.0
3,390,2,7,1.0
3,390,2,17,1.0
3,390,2,10,1.0
3,391,2,15,1.0
3,391,2,7,1.0
3,391,2,17,1.0
3,391,2,10,1.0
3,392,2,15,1.0
3,392,2,7,1.0
3,392,2,17,1.0
3,392,2,10,1.0
3,394,2,15,1.0
3,394,2,7,1.0
3,394,2,17,1.0
3,394,2,10,1.0
3,399,2,15,1.0
3,399,2,7,1.0
3,399,2,17,1.0
3,399,2,10,1.0
3,401,2,15,3.0
3,401,2,7,3.0
3,401,2,17,3.0
3,401,2,10,3.0
3,402,2,15,1.0
3,402,2,7,1.0
3,402,2,17,1.0
3,402,2,10,1.0
3,403,2,15,1.0
3,403,2,7,1.0
3,403,2,17,1.0
3,403,2,10,1.0
3,408,2,15,3.0
3,408,2,7,3.0
3,408,2,17,3.0
3,408,2,10,3.0
3,411,2,15,4.0
3,411,2,7,4.0
3,411,2,17,4.0
3,411,2,10,4.0
3,422,2,15,1.0
3,422,2,7,1.0
3,422,2,17,1.0
3,422,2,10,1.0
3,424,2,15,1.0
3,424,2,7,1.0
3,424,2,17,1.0
3,424,2,10,1.0
3,426,2,15,1.0
3,426,2,7,1.0
3,426,2,17,1.0
3,426,2,10,1.0
3,427,2,15,1.0
3,427,2,7,1.0
3,427,2,17,1.0
3,427,2,10,1.0
3,436,2,15,1.0
3,436,2,7,1.0
3,436,2,17,1.0
3,436,2,10,1.0
3,443,2,15,1.0
3,443,2,7,1.0
3,443,2,17,1.0
3,443,2,10,1.0
3,444,2,15,1.0
3,444,2,7,1.0
3,444,2,17,1.0
3,444,2,10,1.0
3,454,2,15,1.0
3,454,2,7,1.0
3,454,2,17,1.0
3,454,2,10,1.0
3,458,2,15,1.0
3,458,2,7,1.0
3,458,2,17,1.0
3,458,2,10,1.0
3,460,2,15,1.0
3,460,2,7,1.0
3,460,2,17,1.0
3,460,2,10,1.0
3,461,2,15,1.0
3,461,2,7,1.0
3,461,2,17,1.0
3,461,2,10,1.0
3,467,2,15,1.0
3,467,2,7,1.0
3,467,2,17,1.0
3,467,2,10,1.0
3,468,2,15,1.0
3,468,2,7,1.0
3,468,2,17,1.0
3,468,2,10,1.0
3,476,2,15,1.0
3,476,2,7,1.0
3,476,2,17,1.0
3,476,2,10,1.0
3,488,2,15,3.0
3,488,2,7,3.0
3,488,2,17,3.0
3,488,2,10,3.0
3,489,2,15,1.0
3,489,2,7,1.0
3,489,2,17,1.0
3,489,2,10,1.0
3,490,2,15,1.0
3,490,2,7,1.0
3,490,2,17,1.0
3,490,2,10,1.0
3,491,2,15,1.0
3,491,2,7,1.0
3,491,2,17,1.0
3,491,2,10,1.0
3,493,2,15,1.0
3,493,2,7,1.0
3,493,2,17,1.0
3,493,2,10,1.0
3,499,2,15,1.0
3,499,2,7,1.0
3,499,2,17,1.0
3,499,2,10,1.0
3,502,2,15,1.0
3,502,2,7,1.0
3,502,2,17,1.0
3,502,2,10,1.0
3,504,2,15,1.0
3,504,2,7,1.0
3,504,2,17,1.0
3,504,2,10,1.0
3,505,2,15,1.0
3,505,2,7,1.0
3,505,2,17,1.0
3,505,2,10,1.0
3,506,2,15,1.0
3,506,2,7,1.0
3,506,2,17,1.0
3,506,2,10,1.0
3,507,2,15,1.0
3,507,2,7,1.0
3,507,2,17,1.0
3,507,2,10,1.0
3,508,2,15,1.0
3,508,2,7,1.0
3,508,2,17,1.0
3,508,2,10,1.0
3,509,2,15,1.0
3,509,2,7,1.0
3,509,2,17,1.0
3,509,2,10,1.0
3,510,2,15,1.0
3,510,2,7,1.0
3,510,2,17,1.0
3,510,2,10,1.0
3,512,2,15,1.0
3,512,2,7,1.0
3,512,2,17,1.0
3,512,2,10,1.0
3,514,2,15,3.0
3,514,2,7,3.0
3,514,2,17,3.0
3,514,2,10,3.0
3,521,2,15,1.0
3,521,2,7,1.0
3,521,2,17,1.0
3,521,2,10,1.0
3,522,2,15,1.0
3,522,2,7,1.0
3,522,2,17,1.0
3,522,2,10,1.0
3,528,2,15,1.0
3,528,2,7,1.0
3,528,2,17,1.0
3,528,2,10,1.0
3,530,2,15,1.0
3,530,2,7,1.0
3,530,2,17,1.0
3,530,2,10,1.0
3,532,2,15,1.0
3,532,2,7,1.0
3,532,2,17,1.0
3,532,2,10,1.0
3,536,2,15,1.0
3,536,2,7,1.0
3,536,2,17,1.0
3,536,2,10,1.0
3,538,2,15,1.0
3,538,2,7,1.0
3,538,2,17,1.0
3,538,2,10,1.0
3,547,2,15,1.0
3,547,2,7,1.0
3,547,2,17,1.0
3,547,2,10,1.0
3,553,2,15,1.0
3,553,2,7,1.0
3,553,2,17,1.0
3,553,2,10,1.0
3,554,2,15,1.0
3,554,2,7,1.0
3,554,2,17,1.0
3,554,2,10,1.0
3,561,2,15,1.0
3,561,2,7,1.0
3,561,2,17,1.0
3,561,2,10,1.0
3,566,2,15,1.0
3,566,2,7,1.0
3,566,2,17,1.0
3,566,2,10,1.0
3,571,2,15,1.0
3,571,2,7,1.0
3,571,2,17,1.0
3,571,2,10,1.0
3,572,2,15,1.0
3,572,2,7,1.0
3,572,2,17,1.0
3,572,2,10,1.0
3,573,2,15,1.0
3,573,2,7,1.0
3,573,2,17,1.0
3,573,2,10,1.0
3,575,2,15,1.0
3,575,2,7,1.0
3,575,2,17,1.0
3,575,2,10,1.0
3,580,2,15,1.0
3,580,2,7,1.0
3,580,2,17,1.0
3,580,2,10,1.0
3,581,2,15,1.0
3,581,2,7,1.0
3,581,2,17,1.0
3,581,2,10,1.0
3,582,2,15,1.0
3,582,2,7,1.0
3,582,2,17,1.0
3,582,2,10,1.0
3,584,2,15,1.0
3,584,2,7,1.0
3,584,2,17,1.0
3,584,2,10,1.0
3,587,2,15,1.0
3,587,2,7,1.0
3,587,2,17,1.0
3,587,2,10,1.0
3,588,2,15,1.0
3,588,2,7,1.0
3,588,2,17,1.0
3,588,2,10,1.0
3,590,2,15,1.0
3,590,2,7,1.0
3,590,2,17,1.0
3,590,2,10,1.0
3,596,2,15,1.0
3,596,2,7,1.0
3,596,2,17,1.0
3,596,2,10,1.0
3,597,2,15,1.0
3,597,2,7,1.0
3,597,2,17,1.0
3,597,2,10,1.0
3,600,2,15,1.0
3,600,2,7,1.0
3,600,2,17,1.0
3,600,2,10,1.0
3,604,2,15,1.0
3,604,2,7,1.0
3,604,2,17,1.0
3,604,2,10,1.0
3,608,2,15,1.0
3,608,2,7,1.0
3,608,2,17,1.0
3,608,2,10,1.0
3,613,2,15,1.0
3,613,2,7,1.0
3,613,2,17,1.0
3,613,2,10,1.0
3,616,2,15,1.0
3,616,2,7,1.0
3,616,2,17,1.0
3,616,2,10,1.0
3,619,2,15,1.0
3,619,2,7,1.0
3,619,2,17,1.0
3,619,2,10,1.0
3,624,2,15,1.0
3,624,2,7,1.0
3,624,2,17,1.0
3,624,2,10,1.0
3,625,2,15,1.0
3,625,2,7,1.0
3,625,2,17,1.0
3,625,2,10,1.0
3,629,2,15,1.0
3,629,2,7,1.0
3,629,2,17,1.0
3,629,2,10,1.0
3,630,2,15,1.0
3,630,2,7,1.0
3,630,2,17,1.0
3,630,2,10,1.0
3,636,2,15,1.0
3,636,2,7,1.0
3,636,2,17,1.0
3,636,2,10,1.0
3,637,2,15,1.0
3,637,2,7,1.0
3,637,2,17,1.0
3,637,2,10,1.0
3,642,2,15,1.0
3,642,2,7,1.0
3,642,2,17,1.0
3,642,2,10,1.0
3,646,2,15,1.0
3,646,2,7,1.0
3,646,2,17,1.0
3,646,2,10,1.0
3,648,2,15,1.0
3,648,2,7,1.0
3,648,2,17,1.0
3,648,2,10,1.0
3,663,2,15,1.0
3,663,2,7,1.0
3,663,2,17,1.0
3,663,2,10,1.0
3,681,2,15,1.0
3,681,2,7,1.0
3,681,2,17,1.0
3,681,2,10,1.0
3,692,2,15,1.0
3,692,2,7,1.0
3,692,2,17,1.0
3,692,2,10,1.0
3,694,2,15,1.0
3,694,2,7,1.0
3,694,2,17,1.0
3,694,2,10,1.0
3,700,2,15,1.0
3,700,2,7,1.0
3,700,2,17,1.0
3,700,2,10,1.0
3,701,2,15,1.0
3,701,2,7,1.0
3,701,2,17,1.0
3,701,2,10,1.0
3,710,2,15,1.0
3,710,2,7,1.0
3,710,2,17,1.0
3,710,2,10,1.0
3,712,2,15,1.0
3,712,2,7,1.0
3,712,2,17,1.0
3,712,2,10,1.0
3,726,2,15,1.0
3,726,2,7,1.0
3,726,2,17,1.0
3,726,2,10,1.0
3,727,2,15,1.0
3,727,2,7,1.0
3,727,2,17,1.0
3,727,2,10,1.0
3,730,2,15,1.0
3,730,2,7,1.0
3,730,2,17,1.0
3,730,2,10,1.0
3,731,2,15,1.0
3,731,2,7,1.0
3,731,2,17,1.0
3,731,2,10,1.0
3,735,2,15,1.0
3,735,2,7,1.0
3,735,2,17,1.0
3,735,2,10,1.0
3,738,2,15,1.0
3,738,2,7,1.0
3,738,2,17,1.0
3,738,2,10,1.0
3,741,2,15,1.0
3,741,2,7,1.0
3,741,2,17,1.0
3,741,2,10,1.0
3,750,2,15,1.0
3,750,2,7,1.0
3,750,2,17,1.0
3,750,2,10,1.0
3,752,2,15,1.0
3,752,2,7,1.0
3,752,2,17,1.0
3,752,2,10,1.0
3,753,2,15,1.0
3,753,2,7,1.0
3,753,2,17,1.0
3,753,2,10,1.0
3,756,2,15,3.0
3,756,2,7,3.0
3,756,2,17,3.0
3,756,2,10,3.0
3,767,2,15,1.0
3,767,2,7,1.0
3,767,2,17,1.0
3,767,2,10,1.0
3,779,2,15,1.0
3,779,2,7,1.0
3,779,2,17,1.0
3,779,2,10,1.0
3,792,2,15,1.0
3,792,2,7,1.0
3,792,2,17,1.0
3,792,2,10,1.0
3,798,2,15,1.0
3,798,2,7,1.0
3,798,2,17,1.0
3,798,2,10,1.0
3,799,2,15,1.0
3,799,2,7,1.0
3,799,2,17,1.0
3,799,2,10,1.0
3,800,2,15,1.0
3,800,2,7,1.0
3,800,2,17,1.0
3,800,2,10,1.0
3,803,2,15,1.0
3,803,2,7,1.0
3,803,2,17,1.0
3,803,2,10,1.0
3,806,2,15,1.0
3,806,2,7,1.0
3,806,2,17,1.0
3,806,2,10,1.0
3,807,2,15,1.0
3,807,2,7,1.0
3,807,2,17,1.0
3,807,2,10,1.0
3,808,2,15,1.0
3,808,2,7,1.0
3,808,2,17,1.0
3,808,2,10,1.0
3,809,2,15,3.0
3,809,2,7,3.0
3,809,2,17,3.0
3,809,2,10,3.0
3,810,2,15,1.0
3,810,2,7,1.0
3,810,2,17,1.0
3,810,2,10,1.0
3,815,2,15,1.0
3,815,2,7,1.0
3,815,2,17,1.0
3,815,2,10,1.0
3,817,2,15,1.0
3,817,2,7,1.0
3,817,2,17,1.0
3,817,2,10,1.0
3,818,2,15,1.0
3,818,2,7,1.0
3,818,2,17,1.0
3,818,2,10,1.0
3,819,2,15,1.0
3,819,2,7,1.0
3,819,2,17,1.0
3,819,2,10,1.0
3,820,2,15,3.0
3,820,2,7,3.0
3,820,2,17,3.0
3,820,2,10,3.0
3,821,2,15,1.0
3,821,2,7,1.0
3,821,2,17,1.0
3,821,2,10,1.0
3,822,2,15,1.0
3,822,2,7,1.0
3,822,2,17,1.0
3,822,2,10,1.0
3,823,2,15,1.0
3,823,2,7,1.0
3,823,2,17,1.0
3,823,2,10,1.0
3,824,2,15,4.0
3,824,2,7,4.0
3,824,2,17,4.0
3,824,2,10,4.0
3,825,2,15,4.0
3,825,2,7,4.0
3,825,2,17,4.0
3,825,2,10,4.0
3,826,2,15,3.0
3,826,2,7,3.0
3,826,2,17,3.0
3,826,2,10,3.0
3,827,2,15,1.0
3,827,2,7,1.0
3,827,2,17,1.0
3,827,2,10,1.0
3,828,2,15,1.0
3,828,2,7,1.0
3,828,2,17,1.0
3,828,2,10,1.0
3,830,2,15,1.0
3,830,2,7,1.0
3,830,2,17,1.0
3,830,2,10,1.0
3,832,2,15,1.0
3,832,2,7,1.0
3,832,2,17,1.0
3,832,2,10,1.0
3,834,2,15,1.0
3,834,2,7,1.0
3,834,2,17,1.0
3,834,2,10,1.0
3,837,2,15,1.0
3,837,2,7,1.0
3,837,2,17,1.0
3,837,2,10,1.0
3,838,2,15,1.0
3,838,2,7,1.0
3,838,2,17,1.0
3,838,2,10,1.0
3,840,2,15,3.0
3,840,2,7,3.0
3,840,2,17,3.0
3,840,2,10,3.0
3,841,2,15,3.0
3,841,2,7,3.0
3,841,2,17,3.0
3,841,2,10,3.0
3,842,2,15,1.0
3,842,2,7,1.0
3,842,2,17,1.0
3,842,2,10,1.0
3,845,2,15,1.0
3,845,2,7,1.0
3,845,2,17,1.0
3,845,2,10,1.0
3,847,2,15,1.0
3,847,2,7,1.0
3,847,2,17,1.0
3,847,2,10,1.0
3,848,2,15,3.0
3,848,2,7,3.0
3,848,2,17,3.0
3,848,2,10,3.0
3,849,2,15,3.0
3,849,2,7,3.0
3,849,2,17,3.0
3,849,2,10,3.0
3,851,2,15,1.0
3,851,2,7,1.0
3,851,2,17,1.0
3,851,2,10,1.0
3,852,2,15,1.0
3,852,2,7,1.0
3,852,2,17,1.0
3,852,2,10,1.0
3,853,2,15,1.0
3,853,2,7,1.0
3,853,2,17,1.0
3,853,2,10,1.0
3,854,2,15,4.0
3,854,2,7,4.0
3,854,2,17,4.0
3,854,2,10,4.0
3,856,2,15,1.0
3,856,2,7,1.0
3,856,2,17,1.0
3,856,2,10,1.0
3,859,2,15,1.0
3,859,2,7,1.0
3,859,2,17,1.0
3,859,2,10,1.0
3,860,2,15,1.0
3,860,2,7,1.0
3,860,2,17,1.0
3,860,2,10,1.0
3,861,2,15,3.0
3,861,2,7,3.0
3,861,2,17,3.0
3,861,2,10,3.0
3,862,2,15,3.0
3,862,2,7,3.0
3,862,2,17,3.0
3,862,2,10,3.0
3,863,2,15,1.0
3,863,2,7,1.0
3,863,2,17,1.0
3,863,2,10,1.0
3,872,2,15,1.0
3,872,2,7,1.0
3,872,2,17,1.0
3,872,2,10,1.0
3,874,2,15,1.0
3,874,2,7,1.0
3,874,2,17,1.0
3,874,2,10,1.0
3,882,2,15,1.0
3,882,2,7,1.0
3,882,2,17,1.0
3,882,2,10,1.0
3,883,2,15,1.0
3,883,2,7,1.0
3,883,2,17,1.0
3,883,2,10,1.0
3,888,2,15,1.0
3,888,2,7,1.0
3,888,2,17,1.0
3,888,2,10,1.0
3,889,2,15,1.0
3,889,2,7,1.0
3,889,2,17,1.0
3,889,2,10,1.0
3,890,2,15,1.0
3,890,2,7,1.0
3,890,2,17,1.0
3,890,2,10,1.0
3,891,2,15,1.0
3,891,2,7,1.0
3,891,2,17,1.0
3,891,2,10,1.0
3,892,2,15,1.0
3,892,2,7,1.0
3,892,2,17,1.0
3,892,2,10,1.0
3,893,2,15,1.0
3,893,2,7,1.0
3,893,2,17,1.0
3,893,2,10,1.0
3,894,2,15,1.0
3,894,2,7,1.0
3,894,2,17,1.0
3,894,2,10,1.0
3,900,2,15,1.0
3,900,2,7,1.0
3,900,2,17,1.0
3,900,2,10,1.0
3,901,2,15,1.0
3,901,2,7,1.0
3,901,2,17,1.0
3,901,2,10,1.0
3,902,2,15,1.0
3,902,2,7,1.0
3,902,2,17,1.0
3,902,2,10,1.0
3,904,2,15,1.0
3,904,2,7,1.0
3,904,2,17,1.0
3,904,2,10,1.0
3,905,2,15,1.0
3,905,2,7,1.0
3,905,2,17,1.0
3,905,2,10,1.0
4,4,1,1,1.0
4,4,1,4,1.0
4,4,1,6,1.0
4,4,1,10,1.0
4,11,1,1,1.0
4,11,1,4,1.0
4,11,1,6,1.0
4,11,1,10,1.0
4,42,1,1,1.0
4,42,1,4,1.0
4,42,1,6,1.0
4,42,1,10,1.0
4,156,1,1,1.0
4,156,1,4,1.0
4,156,1,6,1.0
4,156,1,10,1.0
4,176,1,1,1.0
4,176,1,4,1.0
4,176,1,6,1.0
4,176,1,10,1.0
4,214,1,1,1.0
4,214,1,4,1.0
4,214,1,6,1.0
4,214,1,10,1.0
4,281,1,1,1.0
4,281,1,4,1.0
4,281,1,6,1.0
4,281,1,10,1.0
4,364,1,1,1.0
4,364,1,4,1.0
4,364,1,6,1.0
4,364,1,10,1.0
4,400,1,1,1.0
4,400,1,4,1.0
4,400,1,6,1.0
4,400,1,10,1.0
4,413,1,1,1.0
4,413,1,4,1.0
4,413,1,6,1.0
4,413,1,10,1.0
4,414,1,1,1.0
4,414,1,4,1.0
4,414,1,6,1.0
4,414,1,10,1.0
4,418,1,1,1.0
4,418,1,4,1.0
4,418,1,6,1.0
4,418,1,10,1.0
4,422,1,1,1.0
4,422,1,4,1.0
4,422,1,6,1.0
4,422,1,10,1.0
4,423,1,1,1.0
4,423,1,4,1.0
4,423,1,6,1.0
4,423,1,10,1.0
4,425,1,1,1.0
4,425,1,4,1.0
4,425,1,6,1.0
4,425,1,10,1.0
4,429,1,1,1.0
4,429,1,4,1.0
4,429,1,6,1.0
4,429,1,10,1.0
4,453,1,1,1.0
4,453,1,4,1.0
4,453,1,6,1.0
4,453,1,10,1.0
4,682,1,1,4.0
4,682,1,4,4.0
4,682,1,6,4.0
4,682,1,10,4.0
4,721,1,1,1.0
4,721,1,4,1.0
4,721,1,6,1.0
4,721,1,10,1.0
4,724,1,1,1.0
4,724,1,4,1.0
4,724,1,6,1.0
4,724,1,10,1.0
4,734,1,1,1.0
4,734,1,4,1.0
4,734,1,6,1.0
4,734,1,10,1.0
4,758,1,1,1.0
4,758,1,4,1.0
4,758,1,6,1.0
4,758,1,10,1.0
4,802,1,1,1.0
4,802,1,4,1.0
4,802,1,6,1.0
4,802,1,10,1.0
4,813,1,1,1.0
4,813,1,4,1.0
4,813,1,6,1.0
4,813,1,10,1.0
4,814,1,1,4.0
4,814,1,4,4.0
4,814,1,6,4.0
4,814,1,10,4.0
4,816,1,1,1.0
4,816,1,4,1.0
4,816,1,6,1.0
4,816,1,10,1.0
4,823,1,1,1.0
4,823,1,4,1.0
4,823,1,6,1.0
4,823,1,10,1.0
4,866,1,1,3.0
4,866,1,4,3.0
4,866,1,6,3.0
4,866,1,10,3.0
4,867,1,1,1.0
4,867,1,4,1.0
4,867,1,6,1.0
4,867,1,10,1.0
5,65,1,13,1.0
5,65,1,14,1.0
5,65,1,2,1.0
5,116,1,13,1.0
5,116,1,14,1.0
5,116,1,2,1.0
5,144,1,13,1.0
5,144,1,14,1.0
5,144,1,2,1.0
5,177,1,13,1.0
5,177,1,14,1.0
5,177,1,2,1.0
5,396,1,13,3.0
5,396,1,14,3.0
5,396,1,2,3.0
6,25,2,13,1.0
6,25,2,14,1.0
6,25,2,4,1.0
6,25,2,6,1.0
6,25,2,17,1.0
6,25,2,9,1.0
6,25,2,10,1.0
6,25,2,7,1.0
6,25,2,8,1.0
6,32,2,13,1.0
6,32,2,14,1.0
6,32,2,4,1.0
6,32,2,6,1.0
6,32,2,17,1.0
6,32,2,9,1.0
6,32,2,10,1.0
6,32,2,7,1.0
6,32,2,8,1.0
6,35,2,13,1.0
6,35,2,14,1.0
6,35,2,4,1.0
6,35,2,6,1.0
6,35,2,17,1.0
6,35,2,9,1.0
6,35,2,10,1.0
6,35,2,7,1.0
6,35,2,8,1.0
6,52,2,13,1.0
6,52,2,14,1.0
6,52,2,4,1.0
6,52,2,6,1.0
6,52,2,17,1.0
6,52,2,9,1.0
6,52,2,10,1.0
6,52,2,7,1.0
6,52,2,8,1.0
6,87,2,13,1.0
6,87,2,14,1.0
6,87,2,4,1.0
6,87,2,6,1.0
6,87,2,17,1.0
6,87,2,9,1.0
6,87,2,10,1.0
6,87,2,7,1.0
6,87,2,8,1.0
6,724,2,13,1.0
6,724,2,14,1.0
6,724,2,4,1.0
6,724,2,6,1.0
6,724,2,17,1.0
6,724,2,9,1.0
6,724,2,10,1.0
6,724,2,7,1.0
6,724,2,8,1.0
6,811,2,13,4.0
6,811,2,14,4.0
6,811,2,4,4.0
6,811,2,6,4.0
6,811,2,17,4.0
6,811,2,9,4.0
6,811,2,10,4.0
6,811,2,7,4.0
6,811,2,8,4.0
6,868,2,13,1.0
6,868,2,14,1.0
6,868,2,4,1.0
6,868,2,6,1.0
6,868,2,17,1.0
6,868,2,9,1.0
6,868,2,10,1.0
6,868,2,7,1.0
6,868,2,8,1.0
6,881,2,13,1.0
6,881,2,14,1.0
6,881,2,4,1.0
6,881,2,6,1.0
6,881,2,17,1.0
6,881,2,9,1.0
6,881,2,10,1.0
6,881,2,7,1.0
6,881,2,8,1.0
6,886,2,13,3.0
6,886,2,14,3.0
6,886,2,4,3.0
6,886,2,6,3.0
6,886,2,17,3.0
6,886,2,9,3.0
6,886,2,10,3.0
6,886,2,7,3.0
6,886,2,8,3.0
7,448,1,13,1.0
7,448,1,14,1.0
7,448,1,1,1.0
7,448,1,2,1.0
7,448,1,15,1.0
7,448,1,16,1.0
7,448,1,3,1.0
7,448,1,4,1.0
7,448,1,5,1.0
7,448,1,6,1.0
7,448,1,7,1.0
7,448,1,9,1.0
7,448,1,18,1.0
7,448,1,10,1.0
7,448,1,11,1.0
7,448,1,12,1.0
7,448,1,19,1.0
7,448,1,20,1.0
7,610,1,13,1.0
7,610,1,14,1.0
7,610,1,1,1.0
7,610,1,2,1.0
7,610,1,15,1.0
7,610,1,16,1.0
7,610,1,3,1.0
7,610,1,4,1.0
7,610,1,5,1.0
7,610,1,6,1.0
7,610,1,7,1.0
7,610,1,9,1.0
7,610,1,18,1.0
7,610,1,10,1.0
7,610,1,11,1.0
7,610,1,12,1.0
7,610,1,19,1.0
7,610,1,20,1.0
7,664,1,13,1.0
7,664,1,14,1.0
7,664,1,1,1.0
7,664,1,2,1.0
7,664,1,15,1.0
7,664,1,16,1.0
7,664,1,3,1.0
7,664,1,4,1.0
7,664,1,5,1.0
7,664,1,6,1.0
7,664,1,7,1.0
7,664,1,9,1.0
7,664,1,18,1.0
7,664,1,10,1.0
7,664,1,11,1.0
7,664,1,12,1.0
7,664,1,19,1.0
7,664,1,20,1.0
7,776,1,13,1.0
7,776,1,14,1.0
7,776,1,1,1.0
7,776,1,2,1.0
7,776,1,15,1.0
7,776,1,16,1.0
7,776,1,3,1.0
7,776,1,4,1.0
7,776,1,5,1.0
7,776,1,6,1.0
7,776,1,7,1.0
7,776,1,9,1.0
7,776,1,18,1.0
7,776,1,10,1.0
7,776,1,11,1.0
7,776,1,12,1.0
7,776,1,19,1.0
7,776,1,20,1.0
8,222,0,15,1.0
8,222,0,16,1.0
8,222,0,5,1.0
8,222,0,17,1.0
8,222,0,9,1.0
8,222,0,11,1.0
8,222,0,19,1.0
8,222,0,20,1.0
8,250,0,15,1.0
8,250,0,16,1.0
8,250,0,5,1.0
8,250,0,17,1.0
8,250,0,9,1.0
8,250,0,11,1.0
8,250,0,19,1.0
8,250,0,20,1.0
8,615,0,15,1.0
8,615,0,16,1.0
8,615,0,5,1.0
8,615,0,17,1.0
8,615,0,9,1.0
8,615,0,11,1.0
8,615,0,19,1.0
8,615,0,20,1.0
9,54,0,2,1.0
9,54,0,15,1.0
9,54,0,6,1.0
9,54,0,7,1.0
9,54,0,17,1.0
9,54,0,9,1.0
9,54,0,18,1.0
9,54,0,10,1.0
9,54,0,20,1.0
9,121,0,2,1.0
9,121,0,15,1.0
9,121,0,6,1.0
9,121,0,7,1.0
9,121,0,17,1.0
9,121,0,9,1.0
9,121,0,18,1.0
9,121,0,10,1.0
9,121,0,20,1.0
9,197,0,2,1.0
9,197,0,15,1.0
9,197,0,6,1.0
9,197,0,7,1.0
9,197,0,17,1.0
9,197,0,9,1.0
9,197,0,18,1.0
9,197,0,10,1.0
9,197,0,20,1.0
9,628,0,2,1.0
9,628,0,15,1.0
9,628,0,6,1.0
9,628,0,7,1.0
9,628,0,17,1.0
9,628,0,9,1.0
9,628,0,18,1.0
9,628,0,10,1.0
9,628,0,20,1.0
9,653,0,2,1.0
9,653,0,15,1.0
9,653,0,6,1.0
9,653,0,7,1.0
9,653,0,17,1.0
9,653,0,9,1.0
9,653,0,18,1.0
9,653,0,10,1.0
9,653,0,20,1.0
9,793,0,2,1.0
9,793,0,15,1.0
9,793,0,6,1.0
9,793,0,7,1.0
9,793,0,17,1.0
9,793,0,9,1.0
9,793,0,18,1.0
9,793,0,10,1.0
9,793,0,20,1.0
10,24,0,15,1.0
10,24,0,4,1.0
10,24,0,17,1.0
10,24,0,9,1.0
10,24,0,10,1.0
10,201,0,15,3.0
10,201,0,4,3.0
10,201,0,17,3.0
10,201,0,9,3.0
10,201,0,10,3.0
10,268,0,15,1.0
10,268,0,4,1.0
10,268,0,17,1.0
10,268,0,9,1.0
10,268,0,10,1.0
10,283,0,15,1.0
10,283,0,4,1.0
10,283,0,17,1.0
10,283,0,9,1.0
10,283,0,10,1.0
10,315,0,15,1.0
10,315,0,4,1.0
10,315,0,17,1.0
10,315,0,9,1.0
10,315,0,10,1.0
10,346,0,15,1.0
10,346,0,4,1.0
10,346,0,17,1.0
10,346,0,9,1.0
10,346,0,10,1.0
10,352,0,15,1.0
10,352,0,4,1.0
10,352,0,17,1.0
10,352,0,9,1.0
10,352,0,10,1.0
10,356,0,15,1.0
10,356,0,4,1.0
10,356,0,17,1.0
10,356,0,9,1.0
10,356,0,10,1.0
10,368,0,15,1.0
10,368,0,4,1.0
10,368,0,17,1.0
10,368,0,9,1.0
10,368,0,10,1.0
10,370,0,15,1.0
10,370,0,4,1.0
10,370,0,17,1.0
10,370,0,9,1.0
10,370,0,10,1.0
10,386,0,15,1.0
10,386,0,4,1.0
10,386,0,17,1.0
10,386,0,9,1.0
10,386,0,10,1.0
10,387,0,15,3.0
10,387,0,4,3.0
10,387,0,17,3.0
10,387,0,9,3.0
10,387,0,10,3.0
10,393,0,15,1.0
10,393,0,4,1.0
10,393,0,17,1.0
10,393,0,9,1.0
10,393,0,10,1.0
10,397,0,15,1.0
10,397,0,4,1.0
10,397,0,17,1.0
10,397,0,9,1.0
10,397,0,10,1.0
10,494,0,15,1.0
10,494,0,4,1.0
10,494,0,17,1.0
10,494,0,9,1.0
10,494,0,10,1.0
10,567,0,15,1.0
10,567,0,4,1.0
10,567,0,17,1.0
10,567,0,9,1.0
10,567,0,10,1.0
10,590,0,15,1.0
10,590,0,4,1.0
10,590,0,17,1.0
10,590,0,9,1.0
10,590,0,10,1.0
10,611,0,15,1.0
10,611,0,4,1.0
10,611,0,17,1.0
10,611,0,9,1.0
10,611,0,10,1.0
10,673,0,15,1.0
10,673,0,4,1.0
10,673,0,17,1.0
10,673,0,9,1.0
10,673,0,10,1.0
10,768,0,15,1.0
10,768,0,4,1.0
10,768,0,17,1.0
10,768,0,9,1.0
10,768,0,10,1.0
10,844,0,15,1.0
10,844,0,4,1.0
10,844,0,17,1.0
10,844,0,9,1.0
10,844,0,10,1.0
10,880,0,15,1.0
10,880,0,4,1.0
10,880,0,17,1.0
10,880,0,9,1.0
10,880,0,10,1.0
10,883,0,15,1.0
10,883,0,4,1.0
10,883,0,17,1.0
10,883,0,9,1.0
10,883,0,10,1.0
11,55,1,14,1.0
11,55,1,1,1.0
11,55,1,9,1.0
12,39,0,6,1.0
12,39,0,7,1.0
12,39,0,17,1.0
12,39,0,9,1.0
12,104,0,6,1.0
12,104,0,7,1.0
12,104,0,17,1.0
12,104,0,9,1.0
12,151,0,6,1.0
12,151,0,7,1.0
12,151,0,17,1.0
12,151,0,9,1.0
12,168,0,6,1.0
12,168,0,7,1.0
12,168,0,17,1.0
12,168,0,9,1.0
12,169,0,6,1.0
12,169,0,7,1.0
12,169,0,17,1.0
12,169,0,9,1.0
12,208,0,6,1.0
12,208,0,7,1.0
12,208,0,17,1.0
12,208,0,9,1.0
12,289,0,6,1.0
12,289,0,7,1.0
12,289,0,17,1.0
12,289,0,9,1.0
12,304,0,6,1.0
12,304,0,7,1.0
12,304,0,17,1.0
12,304,0,9,1.0
12,389,0,6,1.0
12,389,0,7,1.0
12,389,0,17,1.0
12,389,0,9,1.0
12,469,0,6,1.0
12,469,0,7,1.0
12,469,0,17,1.0
12,469,0,9,1.0
12,524,0,6,1.0
12,524,0,7,1.0
12,524,0,17,1.0
12,524,0,9,1.0
12,578,0,6,3.0
12,578,0,7,3.0
12,578,0,17,3.0
12,578,0,9,3.0
12,579,0,6,1.0
12,579,0,7,1.0
12,579,0,17,1.0
12,579,0,9,1.0
12,646,0,6,1.0
12,646,0,7,1.0
12,646,0,17,1.0
12,646,0,9,1.0
12,685,0,6,3.0
12,685,0,7,3.0
12,685,0,17,3.0
12,685,0,9,3.0
12,713,0,6,3.0
12,713,0,7,3.0
12,713,0,17,3.0
12,713,0,9,3.0
12,748,0,6,1.0
12,748,0,7,1.0
12,748,0,17,1.0
12,748,0,9,1.0
12,769,0,6,1.0
12,769,0,7,1.0
12,769,0,17,1.0
12,769,0,9,1.0
12,770,0,6,1.0
12,770,0,7,1.0
12,770,0,17,1.0
12,770,0,9,1.0
12,771,0,6,4.0
12,771,0,7,4.0
12,771,0,17,4.0
12,771,0,9,4.0
12,772,0,6,1.0
12,772,0,7,1.0
12,772,0,17,1.0
12,772,0,9,1.0
12,774,0,6,1.0
12,774,0,7,1.0
12,774,0,17,1.0
12,774,0,9,1.0
12,783,0,6,1.0
12,783,0,7,1.0
12,783,0,17,1.0
12,783,0,9,1.0
13,714,2,19,4.0
13,714,2,22,4.0
13,714,2,8,4.0
13,714,2,13,4.0
13,714,2,23,4.0
14,3,0,17,1.0
14,3,0,19,1.0
14,3,0,16,1.0
14,13,0,17,1.0
14,13,0,19,1.0
14,13,0,16,1.0
14,157,0,17,1.0
14,157,0,19,1.0
14,157,0,16,1.0
14,236,0,17,1.0
14,236,0,19,1.0
14,236,0,16,1.0
14,263,0,17,1.0
14,263,0,19,1.0
14,263,0,16,1.0
14,276,0,17,1.0
14,276,0,19,1.0
14,276,0,16,1.0
14,333,0,17,1.0
14,333,0,19,1.0
14,333,0,16,1.0
14,342,0,17,1.0
14,342,0,19,1.0
14,342,0,16,1.0
14,367,0,17,1.0
14,367,0,19,1.0
14,367,0,16,1.0
14,428,0,17,3.0
14,428,0,19,3.0
14,428,0,16,3.0
14,486,0,17,1.0
14,486,0,19,1.0
14,486,0,16,1.0
14,618,0,17,1.0
14,618,0,19,1.0
14,618,0,16,1.0
14,773,0,17,3.0
14,773,0,19,3.0
14,773,0,16,3.0
14,794,0,17,3.0
14,794,0,19,3.0
14,794,0,16,3.0
15,30,0,7,1.0
15,30,0,13,1.0
15,30,0,6,1.0
15,30,0,9,1.0
15,30,0,24,1.0
15,30,0,22,1.0
15,30,0,17,1.0
15,30,0,20,1.0
15,30,0,15,1.0
15,30,0,19,1.0
15,30,0,12,1.0
15,30,0,1,1.0
15,30,0,25,1.0
15,30,0,5,1.0
15,40,0,7,1.0
15,40,0,13,1.0
15,40,0,6,1.0
15,40,0,9,1.0
15,40,0,24,1.0
15,40,0,22,1.0
15,40,0,17,1.0
15,40,0,20,1.0
15,40,0,15,1.0
15,40,0,19,1.0
15,40,0,12,1.0
15,40,0,1,1.0
15,40,0,25,1.0
15,40,0,5,1.0
16,804,1,6,1.0
16,804,1,8,1.0
16,804,1,20,1.0
16,804,1,19,1.0
16,804,1,9,1.0
17,76,0,17,3.0
17,76,0,23,3.0
17,76,0,18,3.0
17,76,0,6,3.0
17,76,0,10,3.0
17,181,0,17,4.0
17,181,0,23,4.0
17,181,0,18,4.0
17,181,0,6,4.0
17,181,0,10,4.0
17,182,0,17,3.0
17,182,0,23,3.0
17,182,0,18,3.0
17,182,0,6,3.0
17,182,0,10,3.0
17,190,0,17,1.0
17,190,0,23,1.0
17,190,0,18,1.0
17,190,0,6,1.0
17,190,0,10,1.0
17,260,0,17,1.0
17,260,0,23,1.0
17,260,0,18,1.0
17,260,0,6,1.0
17,260,0,10,1.0
17,465,0,17,1.0
17,465,0,23,1.0
17,465,0,18,1.0
17,465,0,6,1.0
17,465,0,10,1.0
17,723,0,17,1.0
17,723,0,23,1.0
17,723,0,18,1.0
17,723,0,6,1.0
17,723,0,10,1.0
17,898,0,17,3.0
17,898,0,23,3.0
17,898,0,18,3.0
17,898,0,6,3.0
17,898,0,10,3.0
18,556,1,15,1.0
18,556,1,9,1.0
18,556,1,6,1.0
18,556,1,10,1.0
19,871,2,6,3.0
19,871,2,23,3.0
19,871,2,11,3.0
20,88,0,15,1.0
20,88,0,8,1.0
20,88,0,20,1.0
20,88,0,14,1.0
20,88,0,17,1.0
20,88,0,11,1.0
20,88,0,13,1.0
20,88,0,16,1.0
20,88,0,1,1.0
20,88,0,22,1.0
20,88,0,24,1.0
20,88,0,19,1.0
20,88,0,25,1.0
20,251,0,15,1.0
20,251,0,8,1.0
20,251,0,20,1.0
20,251,0,14,1.0
20,251,0,17,1.0
20,251,0,11,1.0
20,251,0,13,1.0
20,251,0,16,1.0
20,251,0,1,1.0
20,251,0,22,1.0
20,251,0,24,1.0
20,251,0,19,1.0
20,251,0,25,1.0
20,643,0,15,1.0
20,643,0,8,1.0
20,643,0,20,1.0
20,643,0,14,1.0
20,643,0,17,1.0
20,643,0,11,1.0
20,643,0,13,1.0
20,643,0,16,1.0
20,643,0,1,1.0
20,643,0,22,1.0
20,643,0,24,1.0
20,643,0,19,1.0
20,643,0,25,1.0
21,31,2,22,3.0
21,31,2,19,3.0
21,31,2,3,3.0
21,31,2,13,3.0
21,31,2,20,3.0
21,31,2,12,3.0
21,31,2,23,3.0
21,31,2,15,3.0
21,31,2,14,3.0
21,31,2,17,3.0
21,31,2,25,3.0
21,31,2,7,3.0
21,31,2,18,3.0
21,31,2,2,3.0
21,31,2,5,3.0
21,31,2,16,3.0
21,31,2,24,3.0
21,31,2,8,3.0
21,31,2,9,3.0
21,31,2,4,3.0
21,31,2,10,3.0
21,31,2,11,3.0
21,31,2,6,3.0
21,33,2,22,3.0
21,33,2,19,3.0
21,33,2,3,3.0
21,33,2,13,3.0
21,33,2,20,3.0
21,33,2,12,3.0
21,33,2,23,3.0
21,33,2,15,3.0
21,33,2,14,3.0
21,33,2,17,3.0
21,33,2,25,3.0
21,33,2,7,3.0
21,33,2,18,3.0
21,33,2,2,3.0
21,33,2,5,3.0
21,33,2,16,3.0
21,33,2,24,3.0
21,33,2,8,3.0
21,33,2,9,3.0
21,33,2,4,3.0
21,33,2,10,3.0
21,33,2,11,3.0
21,33,2,6,3.0
21,112,2,22,1.0
21,112,2,19,1.0
21,112,2,3,1.0
21,112,2,13,1.0
21,112,2,20,1.0
21,112,2,12,1.0
21,112,2,23,1.0
21,112,2,15,1.0
21,112,2,14,1.0
21,112,2,17,1.0
21,112,2,25,1.0
21,112,2,7,1.0
21,112,2,18,1.0
21,112,2,2,1.0
21,112,2,5,1.0
21,112,2,16,1.0
21,112,2,24,1.0
21,112,2,8,1.0
21,112,2,9,1.0
21,112,2,4,1.0
21,112,2,10,1.0
21,112,2,11,1.0
21,112,2,6,1.0
21,115,2,22,1.0
21,115,2,19,1.0
21,115,2,3,1.0
21,115,2,13,1.0
21,115,2,20,1.0
21,115,2,12,1.0
21,115,2,23,1.0
21,115,2,15,1.0
21,115,2,14,1.0
21,115,2,17,1.0
21,115,2,25,1.0
21,115,2,7,1.0
21,115,2,18,1.0
21,115,2,2,1.0
21,115,2,5,1.0
21,115,2,16,1.0
21,115,2,24,1.0
21,115,2,8,1.0
21,115,2,9,1.0
21,115,2,4,1.0
21,115,2,10,1.0
21,115,2,11,1.0
21,115,2,6,1.0
21,128,2,22,1.0
21,128,2,19,1.0
21,128,2,3,1.0
21,128,2,13,1.0
21,128,2,20,1.0
21,128,2,12,1.0
21,128,2,23,1.0
21,128,2,15,1.0
21,128,2,14,1.0
21,128,2,17,1.0
21,128,2,25,1.0
21,128,2,7,1.0
21,128,2,18,1.0
21,128,2,2,1.0
21,128,2,5,1.0
21,128,2,16,1.0
21,128,2,24,1.0
21,128,2,8,1.0
21,128,2,9,1.0
21,128,2,4,1.0
21,128,2,10,1.0
21,128,2,11,1.0
21,128,2,6,1.0
21,148,2,22,1.0
21,148,2,19,1.0
21,148,2,3,1.0
21,148,2,13,1.0
21,148,2,20,1.0
21,148,2,12,1.0
21,148,2,23,1.0
21,148,2,15,1.0
21,148,2,14,1.0
21,148,2,17,1.0
21,148,2,25,1.0
21,148,2,7,1.0
21,148,2,18,1.0
21,148,2,2,1.0
21,148,2,5,1.0
21,148,2,16,1.0
21,148,2,24,1.0
21,148,2,8,1.0
21,148,2,9,1.0
21,148,2,4,1.0
21,148,2,10,1.0
21,148,2,11,1.0
21,148,2,6,1.0
21,149,2,22,1.0
21,149,2,19,1.0
21,149,2,3,1.0
21,149,2,13,1.0
21,149,2,20,1.0
21,149,2,12,1.0
21,149,2,23,1.0
21,149,2,15,1.0
21,149,2,14,1.0
21,149,2,17,1.0
21,149,2,25,1.0
21,149,2,7,1.0
21,149,2,18,1.0
21,149,2,2,1.0
21,149,2,5,1.0
21,149,2,16,1.0
21,149,2,24,1.0
21,149,2,8,1.0
21,149,2,9,1.0
21,149,2,4,1.0
21,149,2,10,1.0
21,149,2,11,1.0
21,149,2,6,1.0
21,196,2,22,1.0
21,196,2,19,1.0
21,196,2,3,1.0
21,196,2,13,1.0
21,196,2,20,1.0
21,196,2,12,1.0
21,196,2,23,1.0
21,196,2,15,1.0
21,196,2,14,1.0
21,196,2,17,1.0
21,196,2,25,1.0
21,196,2,7,1.0
21,196,2,18,1.0
21,196,2,2,1.0
21,196,2,5,1.0
21,196,2,16,1.0
21,196,2,24,1.0
21,196,2,8,1.0
21,196,2,9,1.0
21,196,2,4,1.0
21,196,2,10,1.0
21,196,2,11,1.0
21,196,2,6,1.0
21,209,2,22,1.0
21,209,2,19,1.0
21,209,2,3,1.0
21,209,2,13,1.0
21,209,2,20,1.0
21,209,2,12,1.0
21,209,2,23,1.0
21,209,2,15,1.0
21,209,2,14,1.0
21,209,2,17,1.0
21,209,2,25,1.0
21,209,2,7,1.0
21,209,2,18,1.0
21,209,2,2,1.0
21,209,2,5,1.0
21,209,2,16,1.0
21,209,2,24,1.0
21,209,2,8,1.0
21,209,2,9,1.0
21,209,2,4,1.0
21,209,2,10,1.0
21,209,2,11,1.0
21,209,2,6,1.0
21,212,2,22,1.0
21,212,2,19,1.0
21,212,2,3,1.0
21,212,2,13,1.0
21,212,2,20,1.0
21,212,2,12,1.0
21,212,2,23,1.0
21,212,2,15,1.0
21,212,2,14,1.0
21,212,2,17,1.0
21,212,2,25,1.0
21,212,2,7,1.0
21,212,2,18,1.0
21,212,2,2,1.0
21,212,2,5,1.0
21,212,2,16,1.0
21,212,2,24,1.0
21,212,2,8,1.0
21,212,2,9,1.0
21,212,2,4,1.0
21,212,2,10,1.0
21,212,2,11,1.0
21,212,2,6,1.0
21,216,2,22,1.0
21,216,2,19,1.0
21,216,2,3,1.0
21,216,2,13,1.0
21,216,2,20,1.0
21,216,2,12,1.0
21,216,2,23,1.0
21,216,2,15,1.0
21,216,2,14,1.0
21,216,2,17,1.0
21,216,2,25,1.0
21,216,2,7,1.0
21,216,2,18,1.0
21,216,2,2,1.0
21,216,2,5,1.0
21,216,2,16,1.0
21,216,2,24,1.0
21,216,2,8,1.0
21,216,2,9,1.0
21,216,2,4,1.0
21,216,2,10,1.0
21,216,2,11,1.0
21,216,2,6,1.0
21,228,2,22,1.0
21,228,2,19,1.0
21,228,2,3,1.0
21,228,2,13,1.0
21,228,2,20,1.0
21,228,2,12,1.0
21,228,2,23,1.0
21,228,2,15,1.0
21,228,2,14,1.0
21,228,2,17,1.0
21,228,2,25,1.0
21,228,2,7,1.0
21,228,2,18,1.0
21,228,2,2,1.0
21,228,2,5,1.0
21,228,2,16,1.0
21,228,2,24,1.0
21,228,2,8,1.0
21,228,2,9,1.0
21,228,2,4,1.0
21,228,2,10,1.0
21,228,2,11,1.0
21,228,2,6,1.0
21,244,2,22,1.0
21,244,2,19,1.0
21,244,2,3,1.0
21,244,2,13,1.0
21,244,2,20,1.0
21,244,2,12,1.0
21,244,2,23,1.0
21,244,2,15,1.0
21,244,2,14,1.0
21,244,2,17,1.0
21,244,2,25,1.0
21,244,2,7,1.0
21,244,2,18,1.0
21,244,2,2,1.0
21,244,2,5,1.0
21,244,2,16,1.0
21,244,2,24,1.0
21,244,2,8,1.0
21,244,2,9,1.0
21,244,2,4,1.0
21,244,2,10,1.0
21,244,2,11,1.0
21,244,2,6,1.0
21,272,2,22,1.0
21,272,2,19,1.0
21,272,2,3,1.0
21,272,2,13,1.0
21,272,2,20,1.0
21,272,2,12,1.0
21,272,2,23,1.0
21,272,2,15,1.0
21,272,2,14,1.0
21,272,2,17,1.0
21,272,2,25,1.0
21,272,2,7,1.0
21,272,2,18,1.0
21,272,2,2,1.0
21,272,2,5,1.0
21,272,2,16,1.0
21,272,2,24,1.0
21,272,2,8,1.0
21,272,2,9,1.0
21,272,2,4,1.0
21,272,2,10,1.0
21,272,2,11,1.0
21,272,2,6,1.0
21,280,2,22,1.0
21,280,2,19,1.0
21,280,2,3,1.0
21,280,2,13,1.0
21,280,2,20,1.0
21,280,2,12,1.0
21,280,2,23,1.0
21,280,2,15,1.0
21,280,2,14,1.0
21,280,2,17,1.0
21,280,2,25,1.0
21,280,2,7,1.0
21,280,2,18,1.0
21,280,2,2,1.0
21,280,2,5,1.0
21,280,2,16,1.0
21,280,2,24,1.0
21,280,2,8,1.0
21,280,2,9,1.0
21,280,2,4,1.0
21,280,2,10,1.0
21,280,2,11,1.0
21,280,2,6,1.0
21,286,2,22,1.0
21,286,2,19,1.0
21,286,2,3,1.0
21,286,2,13,1.0
21,286,2,20,1.0
21,286,2,12,1.0
21,286,2,23,1.0
21,286,2,15,1.0
21,286,2,14,1.0
21,286,2,17,1.0
21,286,2,25,1.0
21,286,2,7,1.0
21,286,2,18,1.0
21,286,2,2,1.0
21,286,2,5,1.0
21,286,2,16,1.0
21,286,2,24,1.0
21,286,2,8,1.0
21,286,2,9,1.0
21,286,2,4,1.0
21,286,2,10,1.0
21,286,2,11,1.0
21,286,2,6,1.0
21,320,2,22,1.0
21,320,2,19,1.0
21,320,2,3,1.0
21,320,2,13,1.0
21,320,2,20,1.0
21,320,2,12,1.0
21,320,2,23,1.0
21,320,2,15,1.0
21,320,2,14,1.0
21,320,2,17,1.0
21,320,2,25,1.0
21,320,2,7,1.0
21,320,2,18,1.0
21,320,2,2,1.0
21,320,2,5,1.0
21,320,2,16,1.0
21,320,2,24,1.0
21,320,2,8,1.0
21,320,2,9,1.0
21,320,2,4,1.0
21,320,2,10,1.0
21,320,2,11,1.0
21,320,2,6,1.0
21,323,2,22,1.0
21,323,2,19,1.0
21,323,2,3,1.0
21,323,2,13,1.0
21,323,2,20,1.0
21,323,2,12,1.0
21,323,2,23,1.0
21,323,2,15,1.0
21,323,2,14,1.0
21,323,2,17,1.0
21,323,2,25,1.0
21,323,2,7,1.0
21,323,2,18,1.0
21,323,2,2,1.0
21,323,2,5,1.0
21,323,2,16,1.0
21,323,2,24,1.0
21,323,2,8,1.0
21,323,2,9,1.0
21,323,2,4,1.0
21,323,2,10,1.0
21,323,2,11,1.0
21,323,2,6,1.0
21,331,2,22,1.0
21,331,2,19,1.0
21,331,2,3,1.0
21,331,2,13,1.0
21,331,2,20,1.0
21,331,2,12,1.0
21,331,2,23,1.0
21,331,2,15,1.0
21,331,2,14,1.0
21,331,2,17,1.0
21,331,2,25,1.0
21,331,2,7,1.0
21,331,2,18,1.0
21,331,2,2,1.0
21,331,2,5,1.0
21,331,2,16,1.0
21,331,2,24,1.0
21,331,2,8,1.0
21,331,2,9,1.0
21,331,2,4,1.0
21,331,2,10,1.0
21,331,2,11,1.0
21,331,2,6,1.0
21,375,2,22,1.0
21,375,2,19,1.0
21,375,2,3,1.0
21,375,2,13,1.0
21,375,2,20,1.0
21,375,2,12,1.0
21,375,2,23,1.0
21,375,2,15,1.0
21,375,2,14,1.0
21,375,2,17,1.0
21,375,2,25,1.0
21,375,2,7,1.0
21,375,2,18,1.0
21,375,2,2,1.0
21,375,2,5,1.0
21,375,2,16,1.0
21,375,2,24,1.0
21,375,2,8,1.0
21,375,2,9,1.0
21,375,2,4,1.0
21,375,2,10,1.0
21,375,2,11,1.0
21,375,2,6,1.0
21,395,2,22,3.0
21,395,2,19,3.0
21,395,2,3,3.0
21,395,2,13,3.0
21,395,2,20,3.0
21,395,2,12,3.0
21,395,2,23,3.0
21,395,2,15,3.0
21,395,2,14,3.0
21,395,2,17,3.0
21,395,2,25,3.0
21,395,2,7,3.0
21,395,2,18,3.0
21,395,2,2,3.0
21,395,2,5,3.0
21,395,2,16,3.0
21,395,2,24,3.0
21,395,2,8,3.0
21,395,2,9,3.0
21,395,2,4,3.0
21,395,2,10,3.0
21,395,2,11,3.0
21,395,2,6,3.0
21,398,2,22,1.0
21,398,2,19,1.0
21,398,2,3,1.0
21,398,2,13,1.0
21,398,2,20,1.0
21,398,2,12,1.0
21,398,2,23,1.0
21,398,2,15,1.0
21,398,2,14,1.0
21,398,2,17,1.0
21,398,2,25,1.0
21,398,2,7,1.0
21,398,2,18,1.0
21,398,2,2,1.0
21,398,2,5,1.0
21,398,2,16,1.0
21,398,2,24,1.0
21,398,2,8,1.0
21,398,2,9,1.0
21,398,2,4,1.0
21,398,2,10,1.0
21,398,2,11,1.0
21,398,2,6,1.0
21,440,2,22,1.0
21,440,2,19,1.0
21,440,2,3,1.0
21,440,2,13,1.0
21,440,2,20,1.0
21,440,2,12,1.0
21,440,2,23,1.0
21,440,2,15,1.0
21,440,2,14,1.0
21,440,2,17,1.0
21,440,2,25,1.0
21,440,2,7,1.0
21,440,2,18,1.0
21,440,2,2,1.0
21,440,2,5,1.0
21,440,2,16,1.0
21,440,2,24,1.0
21,440,2,8,1.0
21,440,2,9,1.0
21,440,2,4,1.0
21,440,2,10,1.0
21,440,2,11,1.0
21,440,2,6,1.0
21,445,2,22,1.0
21,445,2,19,1.0
21,445,2,3,1.0
21,445,2,13,1.0
21,445,2,20,1.0
21,445,2,12,1.0
21,445,2,23,1.0
21,445,2,15,1.0
21,445,2,14,1.0
21,445,2,17,1.0
21,445,2,25,1.0
21,445,2,7,1.0
21,445,2,18,1.0
21,445,2,2,1.0
21,445,2,5,1.0
21,445,2,16,1.0
21,445,2,24,1.0
21,445,2,8,1.0
21,445,2,9,1.0
21,445,2,4,1.0
21,445,2,10,1.0
21,445,2,11,1.0
21,445,2,6,1.0
21,459,2,22,1.0
21,459,2,19,1.0
21,459,2,3,1.0
21,459,2,13,1.0
21,459,2,20,1.0
21,459,2,12,1.0
21,459,2,23,1.0
21,459,2,15,1.0
21,459,2,14,1.0
21,459,2,17,1.0
21,459,2,25,1.0
21,459,2,7,1.0
21,459,2,18,1.0
21,459,2,2,1.0
21,459,2,5,1.0
21,459,2,16,1.0
21,459,2,24,1.0
21,459,2,8,1.0
21,459,2,9,1.0
21,459,2,4,1.0
21,459,2,10,1.0
21,459,2,11,1.0
21,459,2,6,1.0
21,473,2,22,1.0
21,473,2,19,1.0
21,473,2,3,1.0
21,473,2,13,1.0
21,473,2,20,1.0
21,473,2,12,1.0
21,473,2,23,1.0
21,473,2,15,1.0
21,473,2,14,1.0
21,473,2,17,1.0
21,473,2,25,1.0
21,473,2,7,1.0
21,473,2,18,1.0
21,473,2,2,1.0
21,473,2,5,1.0
21,473,2,16,1.0
21,473,2,24,1.0
21,473,2,8,1.0
21,473,2,9,1.0
21,473,2,4,1.0
21,473,2,10,1.0
21,473,2,11,1.0
21,473,2,6,1.0
21,484,2,22,1.0
21,484,2,19,1.0
21,484,2,3,1.0
21,484,2,13,1.0
21,484,2,20,1.0
21,484,2,12,1.0
21,484,2,23,1.0
21,484,2,15,1.0
21,484,2,14,1.0
21,484,2,17,1.0
21,484,2,25,1.0
21,484,2,7,1.0
21,484,2,18,1.0
21,484,2,2,1.0
21,484,2,5,1.0
21,484,2,16,1.0
21,484,2,24,1.0
21,484,2,8,1.0
21,484,2,9,1.0
21,484,2,4,1.0
21,484,2,10,1.0
21,484,2,11,1.0
21,484,2,6,1.0
21,496,2,22,1.0
21,496,2,19,1.0
21,496,2,3,1.0
21,496,2,13,1.0
21,496,2,20,1.0
21,496,2,12,1.0
21,496,2,23,1.0
21,496,2,15,1.0
21,496,2,14,1.0
21,496,2,17,1.0
21,496,2,25,1.0
21,496,2,7,1.0
21,496,2,18,1.0
21,496,2,2,1.0
21,496,2,5,1.0
21,496,2,16,1.0
21,496,2,24,1.0
21,496,2,8,1.0
21,496,2,9,1.0
21,496,2,4,1.0
21,496,2,10,1.0
21,496,2,11,1.0
21,496,2,6,1.0
21,526,2,22,4.0
21,526,2,19,4.0
21,526,2,3,4.0
21,526,2,13,4.0
21,526,2,20,4.0
21,526,2,12,4.0
21,526,2,23,4.0
21,526,2,15,4.0
21,526,2,14,4.0
21,526,2,17,4.0
21,526,2,25,4.0
21,526,2,7,4.0
21,526,2,18,4.0
21,526,2,2,4.0
21,526,2,5,4.0
21,526,2,16,4.0
21,526,2,24,4.0
21,526,2,8,4.0
21,526,2,9,4.0
21,526,2,4,4.0
21,526,2,10,4.0
21,526,2,11,4.0
21,526,2,6,4.0
21,566,2,22,1.0
21,566,2,19,1.0
21,566,2,3,1.0
21,566,2,13,1.0
21,566,2,20,1.0
21,566,2,12,1.0
21,566,2,23,1.0
21,566,2,15,1.0
21,566,2,14,1.0
21,566,2,17,1.0
21,566,2,25,1.0
21,566,2,7,1.0
21,566,2,18,1.0
21,566,2,2,1.0
21,566,2,5,1.0
21,566,2,16,1.0
21,566,2,24,1.0
21,566,2,8,1.0
21,566,2,9,1.0
21,566,2,4,1.0
21,566,2,10,1.0
21,566,2,11,1.0
21,566,2,6,1.0
21,589,2,22,1.0
21,589,2,19,1.0
21,589,2,3,1.0
21,589,2,13,1.0
21,589,2,20,1.0
21,589,2,12,1.0
21,589,2,23,1.0
21,589,2,15,1.0
21,589,2,14,1.0
21,589,2,17,1.0
21,589,2,25,1.0
21,589,2,7,1.0
21,589,2,18,1.0
21,589,2,2,1.0
21,589,2,5,1.0
21,589,2,16,1.0
21,589,2,24,1.0
21,589,2,8,1.0
21,589,2,9,1.0
21,589,2,4,1.0
21,589,2,10,1.0
21,589,2,11,1.0
21,589,2,6,1.0
21,601,2,22,1.0
21,601,2,19,1.0
21,601,2,3,1.0
21,601,2,13,1.0
21,601,2,20,1.0
21,601,2,12,1.0
21,601,2,23,1.0
21,601,2,15,1.0
21,601,2,14,1.0
21,601,2,17,1.0
21,601,2,25,1.0
21,601,2,7,1.0
21,601,2,18,1.0
21,601,2,2,1.0
21,601,2,5,1.0
21,601,2,16,1.0
21,601,2,24,1.0
21,601,2,8,1.0
21,601,2,9,1.0
21,601,2,4,1.0
21,601,2,10,1.0
21,601,2,11,1.0
21,601,2,6,1.0
21,634,2,22,3.0
21,634,2,19,3.0
21,634,2,3,3.0
21,634,2,13,3.0
21,634,2,20,3.0
21,634,2,12,3.0
21,634,2,23,3.0
21,634,2,15,3.0
21,634,2,14,3.0
21,634,2,17,3.0
21,634,2,25,3.0
21,634,2,7,3.0
21,634,2,18,3.0
21,634,2,2,3.0
21,634,2,5,3.0
21,634,2,16,3.0
21,634,2,24,3.0
21,634,2,8,3.0
21,634,2,9,3.0
21,634,2,4,3.0
21,634,2,10,3.0
21,634,2,11,3.0
21,634,2,6,3.0
21,645,2,22,1.0
21,645,2,19,1.0
21,645,2,3,1.0
21,645,2,13,1.0
21,645,2,20,1.0
21,645,2,12,1.0
21,645,2,23,1.0
21,645,2,15,1.0
21,645,2,14,1.0
21,645,2,17,1.0
21,645,2,25,1.0
21,645,2,7,1.0
21,645,2,18,1.0
21,645,2,2,1.0
21,645,2,5,1.0
21,645,2,16,1.0
21,645,2,24,1.0
21,645,2,8,1.0
21,645,2,9,1.0
21,645,2,4,1.0
21,645,2,10,1.0
21,645,2,11,1.0
21,645,2,6,1.0
21,658,2,22,1.0
21,658,2,19,1.0
21,658,2,3,1.0
21,658,2,13,1.0
21,658,2,20,1.0
21,658,2,12,1.0
21,658,2,23,1.0
21,658,2,15,1.0
21,658,2,14,1.0
21,658,2,17,1.0
21,658,2,25,1.0
21,658,2,7,1.0
21,658,2,18,1.0
21,658,2,2,1.0
21,658,2,5,1.0
21,658,2,16,1.0
21,658,2,24,1.0
21,658,2,8,1.0
21,658,2,9,1.0
21,658,2,4,1.0
21,658,2,10,1.0
21,658,2,11,1.0
21,658,2,6,1.0
21,662,2,22,1.0
21,662,2,19,1.0
21,662,2,3,1.0
21,662,2,13,1.0
21,662,2,20,1.0
21,662,2,12,1.0
21,662,2,23,1.0
21,662,2,15,1.0
21,662,2,14,1.0
21,662,2,17,1.0
21,662,2,25,1.0
21,662,2,7,1.0
21,662,2,18,1.0
21,662,2,2,1.0
21,662,2,5,1.0
21,662,2,16,1.0
21,662,2,24,1.0
21,662,2,8,1.0
21,662,2,9,1.0
21,662,2,4,1.0
21,662,2,10,1.0
21,662,2,11,1.0
21,662,2,6,1.0
21,697,2,22,1.0
21,697,2,19,1.0
21,697,2,3,1.0
21,697,2,13,1.0
21,697,2,20,1.0
21,697,2,12,1.0
21,697,2,23,1.0
21,697,2,15,1.0
21,697,2,14,1.0
21,697,2,17,1.0
21,697,2,25,1.0
21,697,2,7,1.0
21,697,2,18,1.0
21,697,2,2,1.0
21,697,2,5,1.0
21,697,2,16,1.0
21,697,2,24,1.0
21,697,2,8,1.0
21,697,2,9,1.0
21,697,2,4,1.0
21,697,2,10,1.0
21,697,2,11,1.0
21,697,2,6,1.0
21,757,2,22,1.0
21,757,2,19,1.0
21,757,2,3,1.0
21,757,2,13,1.0
21,757,2,20,1.0
21,757,2,12,1.0
21,757,2,23,1.0
21,757,2,15,1.0
21,757,2,14,1.0
21,757,2,17,1.0
21,757,2,25,1.0
21,757,2,7,1.0
21,757,2,18,1.0
21,757,2,2,1.0
21,757,2,5,1.0
21,757,2,16,1.0
21,757,2,24,1.0
21,757,2,8,1.0
21,757,2,9,1.0
21,757,2,4,1.0
21,757,2,10,1.0
21,757,2,11,1.0
21,757,2,6,1.0
21,763,2,22,3.0
21,763,2,19,3.0
21,763,2,3,3.0
21,763,2,13,3.0
21,763,2,20,3.0
21,763,2,12,3.0
21,763,2,23,3.0
21,763,2,15,3.0
21,763,2,14,3.0
21,763,2,17,3.0
21,763,2,25,3.0
21,763,2,7,3.0
21,763,2,18,3.0
21,763,2,2,3.0
21,763,2,5,3.0
21,763,2,16,3.0
21,763,2,24,3.0
21,763,2,8,3.0
21,763,2,9,3.0
21,763,2,4,3.0
21,763,2,10,3.0
21,763,2,11,3.0
21,763,2,6,3.0
21,778,2,22,1.0
21,778,2,19,1.0
21,778,2,3,1.0
21,778,2,13,1.0
21,778,2,20,1.0
21,778,2,12,1.0
21,778,2,23,1.0
21,778,2,15,1.0
21,778,2,14,1.0
21,778,2,17,1.0
21,778,2,25,1.0
21,778,2,7,1.0
21,778,2,18,1.0
21,778,2,2,1.0
21,778,2,5,1.0
21,778,2,16,1.0
21,778,2,24,1.0
21,778,2,8,1.0
21,778,2,9,1.0
21,778,2,4,1.0
21,778,2,10,1.0
21,778,2,11,1.0
21,778,2,6,1.0
21,794,2,22,3.0
21,794,2,19,3.0
21,794,2,3,3.0
21,794,2,13,3.0
21,794,2,20,3.0
21,794,2,12,3.0
21,794,2,23,3.0
21,794,2,15,3.0
21,794,2,14,3.0
21,794,2,17,3.0
21,794,2,25,3.0
21,794,2,7,3.0
21,794,2,18,3.0
21,794,2,2,3.0
21,794,2,5,3.0
21,794,2,16,3.0
21,794,2,24,3.0
21,794,2,8,3.0
21,794,2,9,3.0
21,794,2,4,3.0
21,794,2,10,3.0
21,794,2,11,3.0
21,794,2,6,3.0
21,864,2,22,1.0
21,864,2,19,1.0
21,864,2,3,1.0
21,864,2,13,1.0
21,864,2,20,1.0
21,864,2,12,1.0
21,864,2,23,1.0
21,864,2,15,1.0
21,864,2,14,1.0
21,864,2,17,1.0
21,864,2,25,1.0
21,864,2,7,1.0
21,864,2,18,1.0
21,864,2,2,1.0
21,864,2,5,1.0
21,864,2,16,1.0
21,864,2,24,1.0
21,864,2,8,1.0
21,864,2,9,1.0
21,864,2,4,1.0
21,864,2,10,1.0
21,864,2,11,1.0
21,864,2,6,1.0
21,865,2,22,1.0
21,865,2,19,1.0
21,865,2,3,1.0
21,865,2,13,1.0
21,865,2,20,1.0
21,865,2,12,1.0
21,865,2,23,1.0
21,865,2,15,1.0
21,865,2,14,1.0
21,865,2,17,1.0
21,865,2,25,1.0
21,865,2,7,1.0
21,865,2,18,1.0
21,865,2,2,1.0
21,865,2,5,1.0
21,865,2,16,1.0
21,865,2,24,1.0
21,865,2,8,1.0
21,865,2,9,1.0
21,865,2,4,1.0
21,865,2,10,1.0
21,865,2,11,1.0
21,865,2,6,1.0
21,870,2,22,1.0
21,870,2,19,1.0
21,870,2,3,1.0
21,870,2,13,1.0
21,870,2,20,1.0
21,870,2,12,1.0
21,870,2,23,1.0
21,870,2,15,1.0
21,870,2,14,1.0
21,870,2,17,1.0
21,870,2,25,1.0
21,870,2,7,1.0
21,870,2,18,1.0
21,870,2,2,1.0
21,870,2,5,1.0
21,870,2,16,1.0
21,870,2,24,1.0
21,870,2,8,1.0
21,870,2,9,1.0
21,870,2,4,1.0
21,870,2,10,1.0
21,870,2,11,1.0
21,870,2,6,1.0
21,877,2,22,1.0
21,877,2,19,1.0
21,877,2,3,1.0
21,877,2,13,1.0
21,877,2,20,1.0
21,877,2,12,1.0
21,877,2,23,1.0
21,877,2,15,1.0
21,877,2,14,1.0
21,877,2,17,1.0
21,877,2,25,1.0
21,877,2,7,1.0
21,877,2,18,1.0
21,877,2,2,1.0
21,877,2,5,1.0
21,877,2,16,1.0
21,877,2,24,1.0
21,877,2,8,1.0
21,877,2,9,1.0
21,877,2,4,1.0
21,877,2,10,1.0
21,877,2,11,1.0
21,877,2,6,1.0
21,884,2,22,1.0
21,884,2,19,1.0
21,884,2,3,1.0
21,884,2,13,1.0
21,884,2,20,1.0
21,884,2,12,1.0
21,884,2,23,1.0
21,884,2,15,1.0
21,884,2,14,1.0
21,884,2,17,1.0
21,884,2,25,1.0
21,884,2,7,1.0
21,884,2,18,1.0
21,884,2,2,1.0
21,884,2,5,1.0
21,884,2,16,1.0
21,884,2,24,1.0
21,884,2,8,1.0
21,884,2,9,1.0
21,884,2,4,1.0
21,884,2,10,1.0
21,884,2,11,1.0
21,884,2,6,1.0
21,885,2,22,1.0
21,885,2,19,1.0
21,885,2,3,1.0
21,885,2,13,1.0
21,885,2,20,1.0
21,885,2,12,1.0
21,885,2,23,1.0
21,885,2,15,1.0
21,885,2,14,1.0
21,885,2,17,1.0
21,885,2,25,1.0
21,885,2,7,1.0
21,885,2,18,1.0
21,885,2,2,1.0
21,885,2,5,1.0
21,885,2,16,1.0
21,885,2,24,1.0
21,885,2,8,1.0
21,885,2,9,1.0
21,885,2,4,1.0
21,885,2,10,1.0
21,885,2,11,1.0
21,885,2,6,1.0
21,896,2,22,1.0
21,896,2,19,1.0
21,896,2,3,1.0
21,896,2,13,1.0
21,896,2,20,1.0
21,896,2,12,1.0
21,896,2,23,1.0
21,896,2,15,1.0
21,896,2,14,1.0
21,896,2,17,1.0
21,896,2,25,1.0
21,896,2,7,1.0
21,896,2,18,1.0
21,896,2,2,1.0
21,896,2,5,1.0
21,896,2,16,1.0
21,896,2,24,1.0
21,896,2,8,1.0
21,896,2,9,1.0
21,896,2,4,1.0
21,896,2,10,1.0
21,896,2,11,1.0
21,896,2,6,1.0
21,897,2,22,1.0
21,897,2,19,1.0
21,897,2,3,1.0
21,897,2,13,1.0
21,897,2,20,1.0
21,897,2,12,1.0
21,897,2,23,1.0
21,897,2,15,1.0
21,897,2,14,1.0
21,897,2,17,1.0
21,897,2,25,1.0
21,897,2,7,1.0
21,897,2,18,1.0
21,897,2,2,1.0
21,897,2,5,1.0
21,897,2,16,1.0
21,897,2,24,1.0
21,897,2,8,1.0
21,897,2,9,1.0
21,897,2,4,1.0
21,897,2,10,1.0
21,897,2,11,1.0
21,897,2,6,1.0
21,903,2,22,1.0
21,903,2,19,1.0
21,903,2,3,1.0
21,903,2,13,1.0
21,903,2,20,1.0
21,903,2,12,1.0
21,903,2,23,1.0
21,903,2,15,1.0
21,903,2,14,1.0
21,903,2,17,1.0
21,903,2,25,1.0
21,903,2,7,1.0
21,903,2,18,1.0
21,903,2,2,1.0
21,903,2,5,1.0
21,903,2,16,1.0
21,903,2,24,1.0
21,903,2,8,1.0
21,903,2,9,1.0
21,903,2,4,1.0
21,903,2,10,1.0
21,903,2,11,1.0
21,903,2,6,1.0
21,908,2,22,1.0
21,908,2,19,1.0
21,908,2,3,1.0
21,908,2,13,1.0
21,908,2,20,1.0
21,908,2,12,1.0
21,908,2,23,1.0
21,908,2,15,1.0
21,908,2,14,1.0
21,908,2,17,1.0
21,908,2,25,1.0
21,908,2,7,1.0
21,908,2,18,1.0
21,908,2,2,1.0
21,908,2,5,1.0
21,908,2,16,1.0
21,908,2,24,1.0
21,908,2,8,1.0
21,908,2,9,1.0
21,908,2,4,1.0
21,908,2,10,1.0
21,908,2,11,1.0
21,908,2,6,1.0
21,909,2,22,1.0
21,909,2,19,1.0
21,909,2,3,1.0
21,909,2,13,1.0
21,909,2,20,1.0
21,909,2,12,1.0
21,909,2,23,1.0
21,909,2,15,1.0
21,909,2,14,1.0
21,909,2,17,1.0
21,909,2,25,1.0
21,909,2,7,1.0
21,909,2,18,1.0
21,909,2,2,1.0
21,909,2,5,1.0
21,909,2,16,1.0
21,909,2,24,1.0
21,909,2,8,1.0
21,909,2,9,1.0
21,909,2,4,1.0
21,909,2,10,1.0
21,909,2,11,1.0
21,909,2,6,1.0
21,910,2,22,4.0
21,910,2,19,4.0
21,910,2,3,4.0
21,910,2,13,4.0
21,910,2,20,4.0
21,910,2,12,4.0
21,910,2,23,4.0
21,910,2,15,4.0
21,910,2,14,4.0
21,910,2,17,4.0
21,910,2,25,4.0
21,910,2,7,4.0
21,910,2,18,4.0
21,910,2,2,4.0
21,910,2,5,4.0
21,910,2,16,4.0
21,910,2,24,4.0
21,910,2,8,4.0
21,910,2,9,4.0
21,910,2,4,4.0
21,910,2,10,4.0
21,910,2,11,4.0
21,910,2,6,4.0
21,911,2,22,1.0
21,911,2,19,1.0
21,911,2,3,1.0
21,911,2,13,1.0
21,911,2,20,1.0
21,911,2,12,1.0
21,911,2,23,1.0
21,911,2,15,1.0
21,911,2,14,1.0
21,911,2,17,1.0
21,911,2,25,1.0
21,911,2,7,1.0
21,911,2,18,1.0
21,911,2,2,1.0
21,911,2,5,1.0
21,911,2,16,1.0
21,911,2,24,1.0
21,911,2,8,1.0
21,911,2,9,1.0
21,911,2,4,1.0
21,911,2,10,1.0
21,911,2,11,1.0
21,911,2,6,1.0
22,47,2,4,1.0
22,47,2,10,1.0
22,47,2,22,1.0
22,47,2,18,1.0
22,47,2,17,1.0
22,344,2,4,1.0
22,344,2,10,1.0
22,344,2,22,1.0
22,344,2,18,1.0
22,344,2,17,1.0
22,354,2,4,1.0
22,354,2,10,1.0
22,354,2,22,1.0
22,354,2,18,1.0
22,354,2,17,1.0
22,369,2,4,1.0
22,369,2,10,1.0
22,369,2,22,1.0
22,369,2,18,1.0
22,369,2,17,1.0
22,831,2,4,3.0
22,831,2,10,3.0
22,831,2,22,3.0
22,831,2,18,3.0
22,831,2,17,3.0
22,846,2,4,4.0
22,846,2,10,4.0
22,846,2,22,4.0
22,846,2,18,4.0
22,846,2,17,4.0
23,773,1,17,1.0
23,773,1,18,1.0
23,773,1,7,1.0
23,773,1,3,1.0
23,773,1,19,1.0
23,773,1,5,1.0
23,773,1,25,1.0
23,773,1,15,1.0
23,773,1,12,1.0
23,773,1,11,1.0
23,773,1,20,1.0
23,773,1,13,1.0
23,773,1,23,1.0
23,773,1,8,1.0
23,773,1,1,1.0
23,773,1,14,1.0
23,773,1,2,1.0
23,773,1,16,1.0
23,773,1,6,1.0
23,773,1,22,1.0
23,773,1,4,1.0
23,773,1,9,1.0
23,773,1,24,1.0
23,773,1,10,1.0
23,774,1,17,1.0
23,774,1,18,1.0
23,774,1,7,1.0
23,774,1,3,1.0
23,774,1,19,1.0
23,774,1,5,1.0
23,774,1,25,1.0
23,774,1,15,1.0
23,774,1,12,1.0
23,774,1,11,1.0
23,774,1,20,1.0
23,774,1,13,1.0
23,774,1,23,1.0
23,774,1,8,1.0
23,774,1,1,1.0
23,774,1,14,1.0
23,774,1,2,1.0
23,774,1,16,1.0
23,774,1,6,1.0
23,774,1,22,1.0
23,774,1,4,1.0
23,774,1,9,1.0
23,774,1,24,1.0
23,774,1,10,1.0
23,775,1,17,1.0
23,775,1,18,1.0
23,775,1,7,1.0
23,775,1,3,1.0
23,775,1,19,1.0
23,775,1,5,1.0
23,775,1,25,1.0
23,775,1,15,1.0
23,775,1,12,1.0
23,775,1,11,1.0
23,775,1,20,1.0
23,775,1,13,1.0
23,775,1,23,1.0
23,775,1,8,1.0
23,775,1,1,1.0
23,775,1,14,1.0
23,775,1,2,1.0
23,775,1,16,1.0
23,775,1,6,1.0
23,775,1,22,1.0
23,775,1,4,1.0
23,775,1,9,1.0
23,775,1,24,1.0
23,775,1,10,1.0
23,776,1,17,1.0
23,776,1,18,1.0
23,776,1,7,1.0
23,776,1,3,1.0
23,776,1,19,1.0
23,776,1,5,1.0
23,776,1,25,1.0
23,776,1,15,1.0
23,776,1,12,1.0
23,776,1,11,1.0
23,776,1,20,1.0
23,776,1,13,1.0
23,776,1,23,1.0
23,776,1,8,1.0
23,776,1,1,1.0
23,776,1,14,1.0
23,776,1,2,1.0
23,776,1,16,1.0
23,776,1,6,1.0
23,776,1,22,1.0
23,776,1,4,1.0
23,776,1,9,1.0
23,776,1,24,1.0
23,776,1,10,1.0
24,150,1,16,1.0
24,150,1,23,1.0
24,150,1,10,1.0
24,150,1,17,1.0
24,150,1,18,1.0
24,150,1,14,1.0
24,150,1,15,1.0
25,534,1,2,1.0
25,534,1,22,1.0
25,534,1,17,1.0
25,534,1,4,1.0
25,534,1,18,1.0
25,534,1,11,1.0
25,534,1,23,1.0
25,534,1,24,1.0
26,165,1,13,1.0
26,165,1,6,1.0
26,165,1,25,1.0
26,165,1,14,1.0
26,165,1,17,1.0
26,165,1,24,1.0
26,165,1,7,1.0
26,165,1,10,1.0
26,165,1,1,1.0
26,165,1,18,1.0
26,165,1,16,1.0
26,165,1,11,1.0
26,165,1,5,1.0
26,165,1,8,1.0
26,165,1,2,1.0
26,165,1,23,1.0
26,165,1,3,1.0
26,165,1,9,1.0
26,165,1,15,1.0
26,165,1,12,1.0
26,165,1,20,1.0
26,165,1,22,1.0
26,165,1,19,1.0
26,165,1,4,1.0
26,266,1,13,1.0
26,266,1,6,1.0
26,266,1,25,1.0
26,266,1,14,1.0
26,266,1,17,1.0
26,266,1,24,1.0
26,266,1,7,1.0
26,266,1,10,1.0
26,266,1,1,1.0
26,266,1,18,1.0
26,266,1,16,1.0
26,266,1,11,1.0
26,266,1,5,1.0
26,266,1,8,1.0
26,266,1,2,1.0
26,266,1,23,1.0
26,266,1,3,1.0
26,266,1,9,1.0
26,266,1,15,1.0
26,266,1,12,1.0
26,266,1,20,1.0
26,266,1,22,1.0
26,266,1,19,1.0
26,266,1,4,1.0
26,394,1,13,1.0
26,394,1,6,1.0
26,394,1,25,1.0
26,394,1,14,1.0
26,394,1,17,1.0
26,394,1,24,1.0
26,394,1,7,1.0
26,394,1,10,1.0
26,394,1,1,1.0
26,394,1,18,1.0
26,394,1,16,1.0
26,394,1,11,1.0
26,394,1,5,1.0
26,394,1,8,1.0
26,394,1,2,1.0
26,394,1,23,1.0
26,394,1,3,1.0
26,394,1,9,1.0
26,394,1,15,1.0
26,394,1,12,1.0
26,394,1,20,1.0
26,394,1,22,1.0
26,394,1,19,1.0
26,394,1,4,1.0
26,412,1,13,1.0
26,412,1,6,1.0
26,412,1,25,1.0
26,412,1,14,1.0
26,412,1,17,1.0
26,412,1,24,1.0
26,412,1,7,1.0
26,412,1,10,1.0
26,412,1,1,1.0
26,412,1,18,1.0
26,412,1,16,1.0
26,412,1,11,1.0
26,412,1,5,1.0
26,412,1,8,1.0
26,412,1,2,1.0
26,412,1,23,1.0
26,412,1,3,1.0
26,412,1,9,1.0
26,412,1,15,1.0
26,412,1,12,1.0
26,412,1,20,1.0
26,412,1,22,1.0
26,412,1,19,1.0
26,412,1,4,1.0
26,415,1,13,1.0
26,415,1,6,1.0
26,415,1,25,1.0
26,415,1,14,1.0
26,415,1,17,1.0
26,415,1,24,1.0
26,415,1,7,1.0
26,415,1,10,1.0
26,415,1,1,1.0
26,415,1,18,1.0
26,415,1,16,1.0
26,415,1,11,1.0
26,415,1,5,1.0
26,415,1,8,1.0
26,415,1,2,1.0
26,415,1,23,1.0
26,415,1,3,1.0
26,415,1,9,1.0
26,415,1,15,1.0
26,415,1,12,1.0
26,415,1,20,1.0
26,415,1,22,1.0
26,415,1,19,1.0
26,415,1,4,1.0
26,416,1,13,1.0
26,416,1,6,1.0
26,416,1,25,1.0
26,416,1,14,1.0
26,416,1,17,1.0
26,416,1,24,1.0
26,416,1,7,1.0
26,416,1,10,1.0
26,416,1,1,1.0
26,416,1,18,1.0
26,416,1,16,1.0
26,416,1,11,1.0
26,416,1,5,1.0
26,416,1,8,1.0
26,416,1,2,1.0
26,416,1,23,1.0
26,416,1,3,1.0
26,416,1,9,1.0
26,416,1,15,1.0
26,416,1,12,1.0
26,416,1,20,1.0
26,416,1,22,1.0
26,416,1,19,1.0
26,416,1,4,1.0
26,417,1,13,1.0
26,417,1,6,1.0
26,417,1,25,1.0
26,417,1,14,1.0
26,417,1,17,1.0
26,417,1,24,1.0
26,417,1,7,1.0
26,417,1,10,1.0
26,417,1,1,1.0
26,417,1,18,1.0
26,417,1,16,1.0
26,417,1,11,1.0
26,417,1,5,1.0
26,417,1,8,1.0
26,417,1,2,1.0
26,417,1,23,1.0
26,417,1,3,1.0
26,417,1,9,1.0
26,417,1,15,1.0
26,417,1,12,1.0
26,417,1,20,1.0
26,417,1,22,1.0
26,417,1,19,1.0
26,417,1,4,1.0
26,420,1,13,1.0
26,420,1,6,1.0
26,420,1,25,1.0
26,420,1,14,1.0
26,420,1,17,1.0
26,420,1,24,1.0
26,420,1,7,1.0
26,420,1,10,1.0
26,420,1,1,1.0
26,420,1,18,1.0
26,420,1,16,1.0
26,420,1,11,1.0
26,420,1,5,1.0
26,420,1,8,1.0
26,420,1,2,1.0
26,420,1,23,1.0
26,420,1,3,1.0
26,420,1,9,1.0
26,420,1,15,1.0
26,420,1,12,1.0
26,420,1,20,1.0
26,420,1,22,1.0
26,420,1,19,1.0
26,420,1,4,1.0
26,421,1,13,1.0
26,421,1,6,1.0
26,421,1,25,1.0
26,421,1,14,1.0
26,421,1,17,1.0
26,421,1,24,1.0
26,421,1,7,1.0
26,421,1,10,1.0
26,421,1,1,1.0
26,421,1,18,1.0
26,421,1,16,1.0
26,421,1,11,1.0
26,421,1,5,1.0
26,421,1,8,1.0
26,421,1,2,1.0
26,421,1,23,1.0
26,421,1,3,1.0
26,421,1,9,1.0
26,421,1,15,1.0
26,421,1,12,1.0
26,421,1,20,1.0
26,421,1,22,1.0
26,421,1,19,1.0
26,421,1,4,1.0
26,478,1,13,1.0
26,478,1,6,1.0
26,478,1,25,1.0
26,478,1,14,1.0
26,478,1,17,1.0
26,478,1,24,1.0
26,478,1,7,1.0
26,478,1,10,1.0
26,478,1,1,1.0
26,478,1,18,1.0
26,478,1,16,1.0
26,478,1,11,1.0
26,478,1,5,1.0
26,478,1,8,1.0
26,478,1,2,1.0
26,478,1,23,1.0
26,478,1,3,1.0
26,478,1,9,1.0
26,478,1,15,1.0
26,478,1,12,1.0
26,478,1,20,1.0
26,478,1,22,1.0
26,478,1,19,1.0
26,478,1,4,1.0
26,482,1,13,1.0
26,482,1,6,1.0
26,482,1,25,1.0
26,482,1,14,1.0
26,482,1,17,1.0
26,482,1,24,1.0
26,482,1,7,1.0
26,482,1,10,1.0
26,482,1,1,1.0
26,482,1,18,1.0
26,482,1,16,1.0
26,482,1,11,1.0
26,482,1,5,1.0
26,482,1,8,1.0
26,482,1,2,1.0
26,482,1,23,1.0
26,482,1,3,1.0
26,482,1,9,1.0
26,482,1,15,1.0
26,482,1,12,1.0
26,482,1,20,1.0
26,482,1,22,1.0
26,482,1,19,1.0
26,482,1,4,1.0
26,527,1,13,1.0
26,527,1,6,1.0
26,527,1,25,1.0
26,527,1,14,1.0
26,527,1,17,1.0
26,527,1,24,1.0
26,527,1,7,1.0
26,527,1,10,1.0
26,527,1,1,1.0
26,527,1,18,1.0
26,527,1,16,1.0
26,527,1,11,1.0
26,527,1,5,1.0
26,527,1,8,1.0
26,527,1,2,1.0
26,527,1,23,1.0
26,527,1,3,1.0
26,527,1,9,1.0
26,527,1,15,1.0
26,527,1,12,1.0
26,527,1,20,1.0
26,527,1,22,1.0
26,527,1,19,1.0
26,527,1,4,1.0
26,742,1,13,1.0
26,742,1,6,1.0
26,742,1,25,1.0
26,742,1,14,1.0
26,742,1,17,1.0
26,742,1,24,1.0
26,742,1,7,1.0
26,742,1,10,1.0
26,742,1,1,1.0
26,742,1,18,1.0
26,742,1,16,1.0
26,742,1,11,1.0
26,742,1,5,1.0
26,742,1,8,1.0
26,742,1,2,1.0
26,742,1,23,1.0
26,742,1,3,1.0
26,742,1,9,1.0
26,742,1,15,1.0
26,742,1,12,1.0
26,742,1,20,1.0
26,742,1,22,1.0
26,742,1,19,1.0
26,742,1,4,1.0
26,760,1,13,1.0
26,760,1,6,1.0
26,760,1,25,1.0
26,760,1,14,1.0
26,760,1,17,1.0
26,760,1,24,1.0
26,760,1,7,1.0
26,760,1,10,1.0
26,760,1,1,1.0
26,760,1,18,1.0
26,760,1,16,1.0
26,760,1,11,1.0
26,760,1,5,1.0
26,760,1,8,1.0
26,760,1,2,1.0
26,760,1,23,1.0
26,760,1,3,1.0
26,760,1,9,1.0
26,760,1,15,1.0
26,760,1,12,1.0
26,760,1,20,1.0
26,760,1,22,1.0
26,760,1,19,1.0
26,760,1,4,1.0
27,147,2,6,1.0
27,147,2,13,1.0
27,147,2,5,1.0
27,147,2,24,1.0
27,147,2,17,1.0
27,147,2,23,1.0
27,185,2,6,1.0
27,185,2,13,1.0
27,185,2,5,1.0
27,185,2,24,1.0
27,185,2,17,1.0
27,185,2,23,1.0
27,451,2,6,1.0
27,451,2,13,1.0
27,451,2,5,1.0
27,451,2,24,1.0
27,451,2,17,1.0
27,451,2,23,1.0
27,497,2,6,1.0
27,497,2,13,1.0
27,497,2,5,1.0
27,497,2,24,1.0
27,497,2,17,1.0
27,497,2,23,1.0
27,728,2,6,1.0
27,728,2,13,1.0
27,728,2,5,1.0
27,728,2,24,1.0
27,728,2,17,1.0
27,728,2,23,1.0
27,780,2,6,1.0
27,780,2,13,1.0
27,780,2,5,1.0
27,780,2,24,1.0
27,780,2,17,1.0
27,780,2,23,1.0
27,805,2,6,1.0
27,805,2,13,1.0
27,805,2,5,1.0
27,805,2,24,1.0
27,805,2,17,1.0
27,805,2,23,1.0
27,812,2,6,1.0
27,812,2,13,1.0
27,812,2,5,1.0
27,812,2,24,1.0
27,812,2,17,1.0
27,812,2,23,1.0
27,876,2,6,1.0
27,876,2,13,1.0
27,876,2,5,1.0
27,876,2,24,1.0
27,876,2,17,1.0
27,876,2,23,1.0
27,879,2,6,1.0
27,879,2,13,1.0
27,879,2,5,1.0
27,879,2,24,1.0
27,879,2,17,1.0
27,879,2,23,1.0
28,160,0,13,1.0
28,160,0,12,1.0
28,160,0,6,1.0
28,160,0,14,1.0
28,160,0,7,1.0
28,160,0,15,1.0
28,160,0,1,1.0
28,160,0,24,1.0
28,160,0,17,1.0
28,160,0,22,1.0
28,160,0,23,1.0
28,160,0,10,1.0
28,160,0,9,1.0
28,466,0,13,1.0
28,466,0,12,1.0
28,466,0,6,1.0
28,466,0,14,1.0
28,466,0,7,1.0
28,466,0,15,1.0
28,466,0,1,1.0
28,466,0,24,1.0
28,466,0,17,1.0
28,466,0,22,1.0
28,466,0,23,1.0
28,466,0,10,1.0
28,466,0,9,1.0
28,873,0,13,1.0
28,873,0,12,1.0
28,873,0,6,1.0
28,873,0,14,1.0
28,873,0,7,1.0
28,873,0,15,1.0
28,873,0,1,1.0
28,873,0,24,1.0
28,873,0,17,1.0
28,873,0,22,1.0
28,873,0,23,1.0
28,873,0,10,1.0
28,873,0,9,1.0
29,75,1,6,1.0
29,75,1,17,1.0
29,75,1,4,1.0
29,75,1,26,1.0
29,75,1,22,1.0
29,79,1,6,1.0
29,79,1,17,1.0
29,79,1,4,1.0
29,79,1,26,1.0
29,79,1,22,1.0
29,178,1,6,1.0
29,178,1,17,1.0
29,178,1,4,1.0
29,178,1,26,1.0
29,178,1,22,1.0
29,189,1,6,1.0
29,189,1,17,1.0
29,189,1,4,1.0
29,189,1,26,1.0
29,189,1,22,1.0
29,495,1,6,1.0
29,495,1,17,1.0
29,495,1,4,1.0
29,495,1,26,1.0
29,495,1,22,1.0
29,698,1,6,1.0
29,698,1,17,1.0
29,698,1,4,1.0
29,698,1,26,1.0
29,698,1,22,1.0
29,699,1,6,1.0
29,699,1,17,1.0
29,699,1,4,1.0
29,699,1,26,1.0
29,699,1,22,1.0
29,715,1,6,3.0
29,715,1,17,3.0
29,715,1,4,3.0
29,715,1,26,3.0
29,715,1,22,3.0
29,754,1,6,1.0
29,754,1,17,1.0
29,754,1,4,1.0
29,754,1,26,1.0
29,754,1,22,1.0
29,755,1,6,4.0
29,755,1,17,4.0
29,755,1,4,4.0
29,755,1,26,4.0
29,755,1,22,4.0
29,759,1,6,1.0
29,759,1,17,1.0
29,759,1,4,1.0
29,759,1,26,1.0
29,759,1,22,1.0
29,761,1,6,1.0
29,761,1,17,1.0
29,761,1,4,1.0
29,761,1,26,1.0
29,761,1,22,1.0
29,762,1,6,1.0
29,762,1,17,1.0
29,762,1,4,1.0
29,762,1,26,1.0
29,762,1,22,1.0
29,764,1,6,1.0
29,764,1,17,1.0
29,764,1,4,1.0
29,764,1,26,1.0
29,764,1,22,1.0
29,829,1,6,1.0
29,829,1,17,1.0
29,829,1,4,1.0
29,829,1,26,1.0
29,829,1,22,1.0
29,836,1,6,1.0
29,836,1,17,1.0
29,836,1,4,1.0
29,836,1,26,1.0
29,836,1,22,1.0
29,855,1,6,1.0
29,855,1,17,1.0
29,855,1,4,1.0
29,855,1,26,1.0
29,855,1,22,1.0
29,869,1,6,1.0
29,869,1,17,1.0
29,869,1,4,1.0
29,869,1,26,1.0
29,869,1,22,1.0
29,878,1,6,1.0
29,878,1,17,1.0
29,878,1,4,1.0
29,878,1,26,1.0
29,878,1,22,1.0
30,711,0,22,3.0
30,711,0,13,3.0
30,711,0,14,3.0
30,725,0,22,3.0
30,725,0,13,3.0
30,725,0,14,3.0
30,765,0,22,1.0
30,765,0,13,1.0
30,765,0,14,1.0
31,78,2,9,1.0
31,78,2,13,1.0
31,78,2,3,1.0
31,78,2,10,1.0
31,78,2,18,1.0
31,78,2,14,1.0
31,78,2,5,1.0
31,78,2,4,1.0
31,78,2,8,1.0
31,78,2,11,1.0
31,835,2,9,1.0
31,835,2,13,1.0
31,835,2,3,1.0
31,835,2,10,1.0
31,835,2,18,1.0
31,835,2,14,1.0
31,835,2,5,1.0
31,835,2,4,1.0
31,835,2,8,1.0
31,835,2,11,1.0
32,287,0,6,1.0
32,287,0,17,1.0
32,287,0,22,1.0
32,518,0,6,1.0
32,518,0,17,1.0
32,518,0,22,1.0
32,729,0,6,1.0
32,729,0,17,1.0
32,729,0,22,1.0
33,1,1,22,1.0
33,1,1,1,1.0
33,1,1,19,1.0
33,1,1,9,1.0
33,1,1,16,1.0
33,1,1,17,1.0
33,419,1,22,4.0
33,419,1,1,4.0
33,419,1,19,4.0
33,419,1,9,4.0
33,419,1,16,4.0
33,419,1,17,4.0
34,119,0,24,1.0
34,119,0,20,1.0
34,119,0,9,1.0
34,119,0,15,1.0
34,349,0,24,1.0
34,349,0,20,1.0
34,349,0,9,1.0
34,349,0,15,1.0
35,94,2,22,1.0
35,94,2,20,1.0
35,94,2,9,1.0
35,94,2,3,1.0
35,94,2,24,1.0
35,94,2,23,1.0
35,94,2,17,1.0
35,94,2,6,1.0
35,94,2,1,1.0
35,94,2,8,1.0
35,94,2,10,1.0
35,94,2,15,1.0
35,94,2,16,1.0
35,94,2,19,1.0
35,94,2,5,1.0
35,94,2,13,1.0
35,94,2,12,1.0
35,94,2,11,1.0
35,94,2,2,1.0
35,94,2,18,1.0
36,213,0,11,1.0
36,213,0,14,1.0
36,213,0,19,1.0
36,213,0,10,1.0
36,213,0,13,1.0
36,213,0,2,1.0
36,213,0,3,1.0
36,213,0,4,1.0
36,213,0,6,1.0
36,213,0,20,1.0
36,545,0,11,1.0
36,545,0,14,1.0
36,545,0,19,1.0
36,545,0,10,1.0
36,545,0,13,1.0
36,545,0,2,1.0
36,545,0,3,1.0
36,545,0,4,1.0
36,545,0,6,1.0
36,545,0,20,1.0
36,708,0,11,1.0
36,708,0,14,1.0
36,708,0,19,1.0
36,708,0,10,1.0
36,708,0,13,1.0
36,708,0,2,1.0
36,708,0,3,1.0
36,708,0,4,1.0
36,708,0,6,1.0
36,708,0,20,1.0
37,569,1,12,1.0
37,569,1,6,1.0
37,569,1,5,1.0
37,569,1,2,1.0
37,569,1,24,1.0
37,569,1,15,1.0
37,569,1,3,1.0
37,569,1,8,1.0
37,569,1,7,1.0
37,569,1,17,1.0
37,569,1,14,1.0
37,569,1,11,1.0
37,569,1,13,1.0
37,569,1,10,1.0
37,569,1,25,1.0
37,569,1,4,1.0
37,569,1,18,1.0
37,569,1,19,1.0
37,569,1,20,1.0
37,569,1,9,1.0
37,740,1,12,3.0
37,740,1,6,3.0
37,740,1,5,3.0
37,740,1,2,3.0
37,740,1,24,3.0
37,740,1,15,3.0
37,740,1,3,3.0
37,740,1,8,3.0
37,740,1,7,3.0
37,740,1,17,3.0
37,740,1,14,3.0
37,740,1,11,3.0
37,740,1,13,3.0
37,740,1,10,3.0
37,740,1,25,3.0
37,740,1,4,3.0
37,740,1,18,3.0
37,740,1,19,3.0
37,740,1,20,3.0
37,740,1,9,3.0
38,839,1,7,1.0
38,839,1,6,1.0
38,839,1,4,1.0
38,839,1,10,1.0
38,839,1,11,1.0
38,839,1,9,1.0
38,839,1,17,1.0
39,246,1,5,1.0
39,246,1,11,1.0
39,246,1,24,1.0
39,603,1,5,1.0
39,603,1,11,1.0
39,603,1,24,1.0
39,719,1,5,3.0
39,719,1,11,3.0
39,719,1,24,3.0
39,777,1,5,3.0
39,777,1,11,3.0
39,777,1,24,3.0
39,833,1,5,3.0
39,833,1,11,3.0
39,833,1,24,3.0
39,843,1,5,3.0
39,843,1,11,3.0
39,843,1,24,3.0
39,850,1,5,3.0
39,850,1,11,3.0
39,850,1,24,3.0
40,298,0,15,1.0
40,298,0,14,1.0
40,298,0,4,1.0
41,75,0,25,1.0
41,75,0,8,1.0
41,75,0,24,1.0
41,75,0,13,1.0
41,75,0,10,1.0
41,75,0,17,1.0
41,75,0,26,1.0
41,75,0,16,1.0
41,75,0,7,1.0
41,75,0,6,1.0
41,75,0,15,1.0
41,75,0,9,1.0
41,456,0,25,1.0
41,456,0,8,1.0
41,456,0,24,1.0
41,456,0,13,1.0
41,456,0,10,1.0
41,456,0,17,1.0
41,456,0,26,1.0
41,456,0,16,1.0
41,456,0,7,1.0
41,456,0,6,1.0
41,456,0,15,1.0
41,456,0,9,1.0
42,136,0,18,1.0
42,136,0,13,1.0
42,136,0,19,1.0
42,164,0,18,1.0
42,164,0,13,1.0
42,164,0,19,1.0
42,686,0,18,1.0
42,686,0,13,1.0
42,686,0,19,1.0
42,895,0,18,3.0
42,895,0,13,3.0
42,895,0,19,3.0
42,907,0,18,3.0
42,907,0,13,3.0
42,907,0,19,3.0
43,103,0,5,3.0
43,103,0,3,3.0
43,103,0,21,3.0
43,103,0,17,3.0
43,103,0,10,3.0
43,111,0,5,1.0
43,111,0,3,1.0
43,111,0,21,1.0
43,111,0,17,1.0
43,111,0,10,1.0
43,207,0,5,1.0
43,207,0,3,1.0
43,207,0,21,1.0
43,207,0,17,1.0
43,207,0,10,1.0
43,210,0,5,1.0
43,210,0,3,1.0
43,210,0,21,1.0
43,210,0,17,1.0
43,210,0,10,1.0
43,350,0,5,1.0
43,350,0,3,1.0
43,350,0,21,1.0
43,350,0,17,1.0
43,350,0,10,1.0
44,101,1,25,1.0
44,101,1,16,1.0
44,101,1,15,1.0
44,101,1,4,1.0
44,101,1,3,1.0
44,101,1,13,1.0
44,101,1,8,1.0
44,101,1,23,1.0
44,101,1,9,1.0
44,101,1,22,1.0
44,101,1,6,1.0
44,101,1,19,1.0
44,230,1,25,1.0
44,230,1,16,1.0
44,230,1,15,1.0
44,230,1,4,1.0
44,230,1,3,1.0
44,230,1,13,1.0
44,230,1,8,1.0
44,230,1,23,1.0
44,230,1,9,1.0
44,230,1,22,1.0
44,230,1,6,1.0
44,230,1,19,1.0
44,252,1,25,1.0
44,252,1,16,1.0
44,252,1,15,1.0
44,252,1,4,1.0
44,252,1,3,1.0
44,252,1,13,1.0
44,252,1,8,1.0
44,252,1,23,1.0
44,252,1,9,1.0
44,252,1,22,1.0
44,252,1,6,1.0
44,252,1,19,1.0
44,355,1,25,1.0
44,355,1,16,1.0
44,355,1,15,1.0
44,355,1,4,1.0
44,355,1,3,1.0
44,355,1,13,1.0
44,355,1,8,1.0
44,355,1,23,1.0
44,355,1,9,1.0
44,355,1,22,1.0
44,355,1,6,1.0
44,355,1,19,1.0
44,409,1,25,1.0
44,409,1,16,1.0
44,409,1,15,1.0
44,409,1,4,1.0
44,409,1,3,1.0
44,409,1,13,1.0
44,409,1,8,1.0
44,409,1,23,1.0
44,409,1,9,1.0
44,409,1,22,1.0
44,409,1,6,1.0
44,409,1,19,1.0
44,614,1,25,1.0
44,614,1,16,1.0
44,614,1,15,1.0
44,614,1,4,1.0
44,614,1,3,1.0
44,614,1,13,1.0
44,614,1,8,1.0
44,614,1,23,1.0
44,614,1,9,1.0
44,614,1,22,1.0
44,614,1,6,1.0
44,614,1,19,1.0
44,647,1,25,1.0
44,647,1,16,1.0
44,647,1,15,1.0
44,647,1,4,1.0
44,647,1,3,1.0
44,647,1,13,1.0
44,647,1,8,1.0
44,647,1,23,1.0
44,647,1,9,1.0
44,647,1,22,1.0
44,647,1,6,1.0
44,647,1,19,1.0
44,875,1,25,1.0
44,875,1,16,1.0
44,875,1,15,1.0
44,875,1,4,1.0
44,875,1,3,1.0
44,875,1,13,1.0
44,875,1,8,1.0
44,875,1,23,1.0
44,875,1,9,1.0
44,875,1,22,1.0
44,875,1,6,1.0
44,875,1,19,1.0
44,887,1,25,1.0
44,887,1,16,1.0
44,887,1,15,1.0
44,887,1,4,1.0
44,887,1,3,1.0
44,887,1,13,1.0
44,887,1,8,1.0
44,887,1,23,1.0
44,887,1,9,1.0
44,887,1,22,1.0
44,887,1,6,1.0
44,887,1,19,1.0
44,899,1,25,1.0
44,899,1,16,1.0
44,899,1,15,1.0
44,899,1,4,1.0
44,899,1,3,1.0
44,899,1,13,1.0
44,899,1,8,1.0
44,899,1,23,1.0
44,899,1,9,1.0
44,899,1,22,1.0
44,899,1,6,1.0
44,899,1,19,1.0
45,69,1,26,1.0
45,69,1,15,1.0
45,69,1,12,1.0
45,358,1,26,1.0
45,358,1,15,1.0
45,358,1,12,1.0
46,117,1,13,1.0
46,117,1,25,1.0
46,117,1,4,1.0
46,117,1,23,1.0
46,117,1,19,1.0
46,117,1,17,1.0
46,262,1,13,1.0
46,262,1,25,1.0
46,262,1,4,1.0
46,262,1,23,1.0
46,262,1,19,1.0
46,262,1,17,1.0
46,298,1,13,1.0
46,298,1,25,1.0
46,298,1,4,1.0
46,298,1,23,1.0
46,298,1,19,1.0
46,298,1,17,1.0
46,300,1,13,1.0
46,300,1,25,1.0
46,300,1,4,1.0
46,300,1,23,1.0
46,300,1,19,1.0
46,300,1,17,1.0
46,335,1,13,1.0
46,335,1,25,1.0
46,335,1,4,1.0
46,335,1,23,1.0
46,335,1,19,1.0
46,335,1,17,1.0
46,340,1,13,1.0
46,340,1,25,1.0
46,340,1,4,1.0
46,340,1,23,1.0
46,340,1,19,1.0
46,340,1,17,1.0
46,598,1,13,1.0
46,598,1,25,1.0
46,598,1,4,1.0
46,598,1,23,1.0
46,598,1,19,1.0
46,598,1,17,1.0
46,857,1,13,1.0
46,857,1,25,1.0
46,857,1,4,1.0
46,857,1,23,1.0
46,857,1,19,1.0
46,857,1,17,1.0
46,858,1,13,1.0
46,858,1,25,1.0
46,858,1,4,1.0
46,858,1,23,1.0
46,858,1,19,1.0
46,858,1,17,1.0
46,906,1,13,1.0
46,906,1,25,1.0
46,906,1,4,1.0
46,906,1,23,1.0
46,906,1,19,1.0
46,906,1,17,1.0
47,17,0,18,1.0
47,17,0,8,1.0
47,17,0,3,1.0
47,17,0,26,1.0
47,17,0,15,1.0
47,17,0,24,1.0
47,17,0,27,1.0
47,17,0,12,1.0
47,17,0,13,1.0
47,17,0,10,1.0
47,17,0,7,1.0
47,17,0,16,1.0
47,17,0,9,1.0
47,17,0,25,1.0
47,17,0,2,1.0
47,17,0,11,1.0
47,17,0,6,1.0
47,17,0,14,1.0
47,17,0,20,1.0
47,17,0,19,1.0
47,17,0,4,1.0
47,17,0,28,1.0
47,17,0,23,1.0
47,17,0,17,1.0
47,17,0,22,1.0
47,17,0,21,1.0
47,17,0,5,1.0
47,689,0,18,1.0
47,689,0,8,1.0
47,689,0,3,1.0
47,689,0,26,1.0
47,689,0,15,1.0
47,689,0,24,1.0
47,689,0,27,1.0
47,689,0,12,1.0
47,689,0,13,1.0
47,689,0,10,1.0
47,689,0,7,1.0
47,689,0,16,1.0
47,689,0,9,1.0
47,689,0,25,1.0
47,689,0,2,1.0
47,689,0,11,1.0
47,689,0,6,1.0
47,689,0,14,1.0
47,689,0,20,1.0
47,689,0,19,1.0
47,689,0,4,1.0
47,689,0,28,1.0
47,689,0,23,1.0
47,689,0,17,1.0
47,689,0,22,1.0
47,689,0,21,1.0
47,689,0,5,1.0
